"";"tabel";"kolom";"subroutine";"aanwezig"
"1";"AUTOMATION_SCRIPT";"SOURCE_CODE";"AS_BATCH_GROUP_NAME";1
"2";"AUTOMATION_SCRIPT";"SOURCE_CODE";"AS_CHRGMGR_RECORD_INSERTED";1
"3";"AUTOMATION_SCRIPT";"SOURCE_CODE";"AS_CHRGMGR_RECORD_SELECTED";1
"4";"AUTOMATION_SCRIPT";"SOURCE_CODE";"AS_LOGIN";1
"5";"AUTOMATION_SCRIPT";"SOURCE_CODE";"AS_PROJECT_ABTSAVE";1
"6";"AUTOMATION_SCRIPT";"SOURCE_CODE";"ET_BATCH_ABOUT_TO_SAVE";1
"7";"BASIC_SCHEDULER";"SOURCE_CODE";"JUNK_SCHED_TEST";2
"8";"BASIC_SCHEDULER";"SOURCE_CODE";"SCHED_BASIC_SCHEDULER_GEN";1
"9";"BASIC_SCHEDULER";"SOURCE_CODE";"SCHED_BASIC_SCHEDULER_MGMT";1
"10";"BASIC_SCHEDULER";"SOURCE_CODE";"SCHED_BASIC_SCHEDULER_VAST";1
"11";"BASIC_SCHEDULER";"SOURCE_CODE";"SCHED_BASIC_SCHEDULER_WATER";1
"12";"BASIC_SCHEDULER";"SOURCE_CODE";"SCHED_START_COA_PROCESS";1
"13";"BATCH_AUDIT_LOG";"TRANS_STRING";"F6";230
"14";"CALCULATION";"SOURCE_CODE";"CC_FACTOR_ICP_MET";75
"15";"CALCULATION";"SOURCE_CODE";"CONVERT_EXPSTRING";1
"16";"CALCULATION";"SOURCE_CODE";"FN_DUMMYCALC_ICP_MINMET_12";2
"17";"CALCULATION";"SOURCE_CODE";"QC_CALCULATE";1
"18";"CALCULATION";"SOURCE_CODE";"QC_REC";1
"19";"CALCULATION";"SOURCE_CODE";"QC_RPD";1
"20";"CODE_SNIPPETS";"SOURCE_CODE";"FN_ERROR_TRAP";5
"21";"CODE_SNIPPETS";"SOURCE_CODE";"T_FN_ERROR_LOG";4
"22";"CODE_SNIPPETS";"SOURCE_CODE";"T_FN_ERROR_LOG_SQL";1
"23";"CODE_SNIPPETS";"SOURCE_CODE";"T_FN_ERROR_RAISE";2
"24";"CODE_SNIPPETS";"SOURCE_CODE";"T_FN_ERROR_TRAP";5
"25";"EVENTS";"FORMULA";"ET_PROJECT_CLOSED";1
"26";"EVENTS";"FORMULA";"ET_PROJECT_CREATED";1
"27";"EVENTS";"FORMULA";"ET_QC_LOGGED";7
"28";"FORMAT_CALCULATION";"CALCULATION";"CHECK_MIN_VALUES";1
"29";"MENU_ROUTINE";"SOURCE_CODE";"C_ROUTINE_CALLING";153
"30";"MENU_ROUTINE";"SOURCE_CODE";"FN_AB_CREATE_CONTACT";2
"31";"MENU_ROUTINE";"SOURCE_CODE";"FN_ADD_DIST_LIST_TO_PROJECT";1
"32";"MENU_ROUTINE";"SOURCE_CODE";"FN_ADD_FUNCTIONAL_PRIV";1
"33";"MENU_ROUTINE";"SOURCE_CODE";"FN_ADD_PEOPLE_TO_DIST_LIST";1
"34";"MENU_ROUTINE";"SOURCE_CODE";"FN_AUTO_SAMPLE_REGISTRATION";1
"35";"MENU_ROUTINE";"SOURCE_CODE";"FN_BM_EJSPLOT";1
"36";"MENU_ROUTINE";"SOURCE_CODE";"FN_CM_CQ_ADD_COST_ITEMS";2
"37";"MENU_ROUTINE";"SOURCE_CODE";"FN_CM_OGM_INVOICES_PROCESS";1
"38";"MENU_ROUTINE";"SOURCE_CODE";"FN_CM_SET_ACCOUNT_CUSTOMER";2
"39";"MENU_ROUTINE";"SOURCE_CODE";"FN_CM_SET_MASTER_CONTRACT";2
"40";"MENU_ROUTINE";"SOURCE_CODE";"FN_COST_ITEM_RESULT_GRID";1
"41";"MENU_ROUTINE";"SOURCE_CODE";"FN_CUSTOMER_CREATE";2
"42";"MENU_ROUTINE";"SOURCE_CODE";"FN_EDIT_TESTS";1
"43";"MENU_ROUTINE";"SOURCE_CODE";"FN_EXPORT_VELDFORMULIER_W";1
"44";"MENU_ROUTINE";"SOURCE_CODE";"FN_IMPORT_VELDFORMULIER_W";1
"45";"MENU_ROUTINE";"SOURCE_CODE";"FN_PROSPECT_TO_CUST";2
"46";"MENU_ROUTINE";"SOURCE_CODE";"FOLDER_MGR_EXPORT_ERESULTS";1
"47";"MENU_ROUTINE";"SOURCE_CODE";"MENU_FM_NEW_FOLDER";1
"48";"MENU_ROUTINE";"SOURCE_CODE";"MN_ALG_ANALYSE_DUP_PM";1
"49";"MENU_ROUTINE";"SOURCE_CODE";"MN_ALG_SHOW_BATCH";2
"50";"MENU_ROUTINE";"SOURCE_CODE";"MN_ALG_SLOG_DUP";1
"51";"MENU_ROUTINE";"SOURCE_CODE";"MN_BM_AUTHORIZE_TEST";1
"52";"MENU_ROUTINE";"SOURCE_CODE";"MN_BM_BATCH_CALCULATE_ALL";1
"53";"MENU_ROUTINE";"SOURCE_CODE";"MN_BM_BATCH_CHECK_CONSISTENCY";1
"54";"MENU_ROUTINE";"SOURCE_CODE";"MN_BM_BATCH_CLOSE";1
"55";"MENU_ROUTINE";"SOURCE_CODE";"MN_BM_BATCH_OPEN_AS_FOLDER";1
"56";"MENU_ROUTINE";"SOURCE_CODE";"MN_BM_BATCH_READY_FOR_ANA";1
"57";"MENU_ROUTINE";"SOURCE_CODE";"MN_BM_BATCH_RELEASE_GHOST_BATCH";1
"58";"MENU_ROUTINE";"SOURCE_CODE";"MN_BM_BATCH_RELEASE_UNIMPORTED";2
"59";"MENU_ROUTINE";"SOURCE_CODE";"MN_BM_CHART_QC_CHART";1
"60";"MENU_ROUTINE";"SOURCE_CODE";"MN_BM_CHART_QC_FLDR";1
"61";"MENU_ROUTINE";"SOURCE_CODE";"MN_BM_EXPORT_BATCH_LABELS";1
"62";"MENU_ROUTINE";"SOURCE_CODE";"MN_BM_EXPORT_BATCH_WSHEET";1
"63";"MENU_ROUTINE";"SOURCE_CODE";"MN_BM_EXPORT_LABELS_PRINT";1
"64";"MENU_ROUTINE";"SOURCE_CODE";"MN_BM_IMPORT_PREP_FLDR";1
"65";"MENU_ROUTINE";"SOURCE_CODE";"MN_BM_IMPORT_TEST_OPEN";1
"66";"MENU_ROUTINE";"SOURCE_CODE";"MN_BM_INFO_OPEN_PM";1
"67";"MENU_ROUTINE";"SOURCE_CODE";"MN_BM_INFO_PLATE_LAYOUT";1
"68";"MENU_ROUTINE";"SOURCE_CODE";"MN_BM_INFO_TESTS_SHORT";1
"69";"MENU_ROUTINE";"SOURCE_CODE";"MN_BM_INST_EXPORT_CSV_GENERIC";1
"70";"MENU_ROUTINE";"SOURCE_CODE";"MN_BM_INST_EXPORT_TO_INSTR";1
"71";"MENU_ROUTINE";"SOURCE_CODE";"MN_BM_INST_IMPORT_CSV_GENERIC";1
"72";"MENU_ROUTINE";"SOURCE_CODE";"MN_BM_INST_IMPORT_FROM_INSTR";1
"73";"MENU_ROUTINE";"SOURCE_CODE";"MN_BM_INTCOM_ALERT_COMPLETE";1
"74";"MENU_ROUTINE";"SOURCE_CODE";"MN_BM_QC_CALC_SPEC_LIST";1
"75";"MENU_ROUTINE";"SOURCE_CODE";"MN_BM_QC_DUP_ANAL";1
"76";"MENU_ROUTINE";"SOURCE_CODE";"MN_BM_QC_DUP_DETAIL";1
"77";"MENU_ROUTINE";"SOURCE_CODE";"MN_BM_QC_QC_CHARTS";1
"78";"MENU_ROUTINE";"SOURCE_CODE";"MN_BM_QC_SAMP_COMMENT";1
"79";"MENU_ROUTINE";"SOURCE_CODE";"MN_BM_QC_TOOLS_GEN_MS_FILTER_FLDR";1
"80";"MENU_ROUTINE";"SOURCE_CODE";"MN_BM_REPLICATE_TEST";1
"81";"MENU_ROUTINE";"SOURCE_CODE";"MN_BM_SAMP_LOG_QC_SAMPLE";1
"82";"MENU_ROUTINE";"SOURCE_CODE";"MN_BM_SAMP_TEST_EDIT";1
"83";"MENU_ROUTINE";"SOURCE_CODE";"MN_BM_SAMP_TEST_REPLI";1
"84";"MENU_ROUTINE";"SOURCE_CODE";"MN_CAT_ACTIVATE";1
"85";"MENU_ROUTINE";"SOURCE_CODE";"MN_CAT_DESACTIVATE";1
"86";"MENU_ROUTINE";"SOURCE_CODE";"MN_CHECKBATCHDUPLOS";1
"87";"MENU_ROUTINE";"SOURCE_CODE";"MN_CM_ARCH_ARCHIVE_CONTRACTS";1
"88";"MENU_ROUTINE";"SOURCE_CODE";"MN_CM_AUTO_CREATE_CONTRACT_DIR";1
"89";"MENU_ROUTINE";"SOURCE_CODE";"MN_CM_AUTO_LOG_PROJECTS";1
"90";"MENU_ROUTINE";"SOURCE_CODE";"MN_CM_CITM_CAT_ACTIVATE";1
"91";"MENU_ROUTINE";"SOURCE_CODE";"MN_CM_CITM_CAT_DESACTIVATE";1
"92";"MENU_ROUTINE";"SOURCE_CODE";"MN_CM_CITM_CAT_EXPORT";1
"93";"MENU_ROUTINE";"SOURCE_CODE";"MN_CM_CITM_CAT_IMPORT";1
"94";"MENU_ROUTINE";"SOURCE_CODE";"MN_CM_CITM_CI_ADD";1
"95";"MENU_ROUTINE";"SOURCE_CODE";"MN_CM_ITEMS_ADD_CI_TO_CQ";1
"96";"MENU_ROUTINE";"SOURCE_CODE";"MN_CM_SEARCH_SET_ACCOUNT_CUSTOMER";2
"97";"MENU_ROUTINE";"SOURCE_CODE";"MN_CM_SEARCH_SET_MASTER_CONTRACT";2
"98";"MENU_ROUTINE";"SOURCE_CODE";"MN_EXP_BATCH_LABELS";1
"99";"MENU_ROUTINE";"SOURCE_CODE";"MN_EXP_LABO_ID";2
"100";"MENU_ROUTINE";"SOURCE_CODE";"MN_EXP_LABO_ID_2COL";1
"101";"MENU_ROUTINE";"SOURCE_CODE";"MN_EXP_PROJ_LABEL_INFO";1
"102";"MENU_ROUTINE";"SOURCE_CODE";"MN_EXPORT_TO_INSTR";1
"103";"MENU_ROUTINE";"SOURCE_CODE";"MN_FM_CHART_QC_CHART";1
"104";"MENU_ROUTINE";"SOURCE_CODE";"MN_FM_EXPORT_ADD_TO_BATCH";1
"105";"MENU_ROUTINE";"SOURCE_CODE";"MN_GEN_DNA_RUN";4
"106";"MENU_ROUTINE";"SOURCE_CODE";"MN_GEN_PLATELAYOUT";1
"107";"MENU_ROUTINE";"SOURCE_CODE";"MN_GEN_SHOWPLATES";1
"108";"MENU_ROUTINE";"SOURCE_CODE";"MN_GEN_SLOG_EXISTING";1
"109";"MENU_ROUTINE";"SOURCE_CODE";"MN_GEN_SLOG_GRID";2
"110";"MENU_ROUTINE";"SOURCE_CODE";"MN_GEN_SLOG_XLS";2
"111";"MENU_ROUTINE";"SOURCE_CODE";"MN_GEN_SLOG_XLS_OLD";1
"112";"MENU_ROUTINE";"SOURCE_CODE";"MN_IMP_SAMP_EXTERNID";1
"113";"MENU_ROUTINE";"SOURCE_CODE";"MN_IMPORT_FROM_INSTR";1
"114";"MENU_ROUTINE";"SOURCE_CODE";"MN_LOG_EXISTING_SAMPLE";1
"115";"MENU_ROUTINE";"SOURCE_CODE";"MN_OPEN_TEST_EDIT";1
"116";"MENU_ROUTINE";"SOURCE_CODE";"MN_PM_AUTHORIZE_TEST";1
"117";"MENU_ROUTINE";"SOURCE_CODE";"MN_PM_EXP_ABI3500";1
"118";"MENU_ROUTINE";"SOURCE_CODE";"MN_PM_EXP_DATADUMP";1
"119";"MENU_ROUTINE";"SOURCE_CODE";"MN_PM_EXP_LABELCSV_INST";1
"120";"MENU_ROUTINE";"SOURCE_CODE";"MN_PM_EXP_LABELREGFORM";1
"121";"MENU_ROUTINE";"SOURCE_CODE";"MN_PM_EXP_PROJ_PLATES";1
"122";"MENU_ROUTINE";"SOURCE_CODE";"MN_PM_GEN_DNA_RUN_SEQ";1
"123";"MENU_ROUTINE";"SOURCE_CODE";"MN_PM_GEN_DNA_RUN_SEQ_NEW";1
"124";"MENU_ROUTINE";"SOURCE_CODE";"MN_PM_GEN_PLATE_EDNA_RUN";1
"125";"MENU_ROUTINE";"SOURCE_CODE";"MN_PM_GEN_PLATE_FLDR_SAMP";1
"126";"MENU_ROUTINE";"SOURCE_CODE";"MN_PM_GEN_PLATE_FLDR_TEST";1
"127";"MENU_ROUTINE";"SOURCE_CODE";"MN_PM_GEN_PLATE_RAW";3
"128";"MENU_ROUTINE";"SOURCE_CODE";"MN_PM_GEN_PLATE_RAW_ADD";1
"129";"MENU_ROUTINE";"SOURCE_CODE";"MN_PM_GEN_PLATE_RAW_REMOVE";1
"130";"MENU_ROUTINE";"SOURCE_CODE";"MN_PM_GEN_PLATE_SEQ_METING";1
"131";"MENU_ROUTINE";"SOURCE_CODE";"MN_PM_GEN_PLATE_SEQ_PCR";1
"132";"MENU_ROUTINE";"SOURCE_CODE";"MN_PM_INFO_SAMP_OTHER_PRESENCE";1
"133";"MENU_ROUTINE";"SOURCE_CODE";"MN_PM_PLATE_CREATE_EMPTY";1
"134";"MENU_ROUTINE";"SOURCE_CODE";"MN_PM_PLATE_MS_DNA_RUN";1
"135";"MENU_ROUTINE";"SOURCE_CODE";"MN_PM_PLATE_PLATELAYOUT";1
"136";"MENU_ROUTINE";"SOURCE_CODE";"MN_PM_PROJ_CALC_QC_WATER";1
"137";"MENU_ROUTINE";"SOURCE_CODE";"MN_PM_PROJ_CALCULATE_ALL";1
"138";"MENU_ROUTINE";"SOURCE_CODE";"MN_PM_PROJ_FIND_GHOST";1
"139";"MENU_ROUTINE";"SOURCE_CODE";"MN_PM_PROJ_MODIFY_SAMP";1
"140";"MENU_ROUTINE";"SOURCE_CODE";"MN_PM_PROJECT_INVOICE_PVS";1
"141";"MENU_ROUTINE";"SOURCE_CODE";"MN_PM_QC_COMPARE_SAME_SAMPLE_ID";1
"142";"MENU_ROUTINE";"SOURCE_CODE";"MN_PM_QC_DUP_ANALYSIS";1
"143";"MENU_ROUTINE";"SOURCE_CODE";"MN_PM_QC_GEN_COMPARE_REPLICATES";1
"144";"MENU_ROUTINE";"SOURCE_CODE";"MN_PM_QC_METHOD_FOLLOW_UP";2
"145";"MENU_ROUTINE";"SOURCE_CODE";"MN_PM_QC_METHOD_FOLLOW_UP_TM";1
"146";"MENU_ROUTINE";"SOURCE_CODE";"MN_PM_QC_TOOLS_GEN_MS_ALLEL_OCCUR";1
"147";"MENU_ROUTINE";"SOURCE_CODE";"MN_PM_QC_TOOLS_GEN_MS_EVAL_REPLI";1
"148";"MENU_ROUTINE";"SOURCE_CODE";"MN_PM_QC_TOOLS_GEN_MS_FILTER_FLDR";1
"149";"MENU_ROUTINE";"SOURCE_CODE";"MN_PM_REPORT_QC_BODEM";1
"150";"MENU_ROUTINE";"SOURCE_CODE";"MN_PM_REPORT_QC_WATER";1
"151";"MENU_ROUTINE";"SOURCE_CODE";"MN_PM_REPORT_SEND";1
"152";"MENU_ROUTINE";"SOURCE_CODE";"MN_PM_REVIEW_PROJRESULTS";1
"153";"MENU_ROUTINE";"SOURCE_CODE";"MN_PM_RUN_FULL_REACTIVATE";1
"154";"MENU_ROUTINE";"SOURCE_CODE";"MN_PM_SAMP_COPY_TO_PROJ";1
"155";"MENU_ROUTINE";"SOURCE_CODE";"MN_PM_SAMP_SLOG_GEN_RF";1
"156";"MENU_ROUTINE";"SOURCE_CODE";"MN_PM_SAMP_SLOG_QCMETHOD";1
"157";"MENU_ROUTINE";"SOURCE_CODE";"MN_PRINT_SAMPLE_LABELS_PJ";2
"158";"MENU_ROUTINE";"SOURCE_CODE";"MN_SET_SAMPLE_PRIORITY";1
"159";"MENU_ROUTINE";"SOURCE_CODE";"MN_VARIABLE_GRAPH_INBO";3
"160";"MENU_ROUTINE";"SOURCE_CODE";"MN_VARIABLE_GRAPH_INBO_SELECTION";1
"161";"MENU_ROUTINE";"SOURCE_CODE";"MNU_CONM_SEND_COMMUNICATION";1
"162";"MENU_ROUTINE";"SOURCE_CODE";"MNU_MM_OPEN_VW";1
"163";"MENU_ROUTINE";"SOURCE_CODE";"MNU_PM_COA_DISTRIBUTE";1
"164";"MENU_ROUTINE";"SOURCE_CODE";"MNU_PM_COA_FOR_PROJECT";1
"165";"MENU_ROUTINE";"SOURCE_CODE";"MNU_PM_COA_PREVIEW";1
"166";"MENU_ROUTINE";"SOURCE_CODE";"MNU_PM_COA_VIEW_PDF";1
"167";"MENU_ROUTINE";"SOURCE_CODE";"MNU_PM_LOGIN_VERIFY";1
"168";"MENU_ROUTINE";"SOURCE_CODE";"MNU_TM_VIEW_SOP";2
"169";"MENU_ROUTINE";"SOURCE_CODE";"MNU_VW_CLONE";2
"170";"MENU_ROUTINE";"SOURCE_CODE";"PM_TESTS_ASSIGNED";1
"171";"MENU_ROUTINE";"SOURCE_CODE";"PROJECT_ADD_MISC_CHARGE";1
"172";"MENU_ROUTINE";"SOURCE_CODE";"PROJECT_ADD_MISC_COST_ITEM";1
"173";"MENU_ROUTINE";"SOURCE_CODE";"PTG_CREATE_AD_HOC";1
"174";"MENU_ROUTINE";"SOURCE_CODE";"PTG_DISPLAY_GRAPHS_MAIN";1
"175";"MENU_ROUTINE";"SOURCE_CODE";"SCHED_INVOICE_CLOSED_PROJECTS";1
"176";"MENU_ROUTINE";"SOURCE_CODE";"SR_MENU_GRID_RESULT_ENTRY";1
"177";"MENU_ROUTINE";"SOURCE_CODE";"SR_MENU_SET_STD_REAG_LIMITS";1
"178";"MENU_ROUTINE";"SOURCE_CODE";"T_CREATE_GAP_CSV";1
"179";"MENU_ROUTINE";"SOURCE_CODE";"T_ERRLOG_MANAGER";2
"180";"MENU_ROUTINE";"SOURCE_CODE";"T_FN_CREATE_NLS_FOR_FIELDS";1
"181";"MENU_ROUTINE";"SOURCE_CODE";"T_FN_CREATE_NLS_FROM_CP";1
"182";"MENU_ROUTINE";"SOURCE_CODE";"T_FN_CREATE_TABLE_STRUCTURE";1
"183";"MENU_ROUTINE";"SOURCE_CODE";"T_FN_POPULATE_PKG_DB_SCHEMA";1
"184";"MENU_ROUTINE";"SOURCE_CODE";"T_FN_UPDATE_OBJ_DESCR";1
"185";"MENU_ROUTINE";"SOURCE_CODE";"T_GAP_ANAL_MAP";1
"186";"MENU_ROUTINE";"SOURCE_CODE";"T_IMPORT_GAP_XLS";1
"187";"PLATE_AUDIT_LOG";"TRANS_STRING";"F6";1
"188";"PROD_TEMP_FIELDS";"FORMULA";"FN_SET_WHERE_FOR_EXT_CUST";1
"189";"PROJECT_TEMP_FIELDS";"FORMULA";"FN_PROJ_ROOT_DIRECTORY";2
"190";"SAMPLE_AUDIT_LOG";"TRANS_STRING";"F6";32899
"191";"SEARCH_TEMP_FLDS";"FORMULA";"FN_MY_TABLE";1
"192";"SEARCH_TEMP_FLDS";"FORMULA";"FN_MY_TABLE_ARRAY";1
"193";"STYLE_LIST";"STYLES";"F6";3
"194";"SUBROUTINE";"SOURCE_CODE";"ANALYSIS_CROSSTAB";2
"195";"SUBROUTINE";"SOURCE_CODE";"AS_AB_ABOUT_TO_SAVE";1
"196";"SUBROUTINE";"SOURCE_CODE";"AS_AB_OPENED";1
"197";"SUBROUTINE";"SOURCE_CODE";"AS_CHRGMGR_ABOUT_SAVE_AS";1
"198";"SUBROUTINE";"SOURCE_CODE";"AS_CHRGMGR_INSERTED_OR_UPDATED";1
"199";"SUBROUTINE";"SOURCE_CODE";"AS_CHRGMGR_RECORD_INSERTED";2
"200";"SUBROUTINE";"SOURCE_CODE";"AS_CHRGMGR_RECORD_SELECTED";2
"201";"SUBROUTINE";"SOURCE_CODE";"AS_CHRGMGR_RECORD_UPDATED";2
"202";"SUBROUTINE";"SOURCE_CODE";"AS_CHRGMGR_TABLE_SELECTED";2
"203";"SUBROUTINE";"SOURCE_CODE";"AS_CONTMGR_CONTACT_SELECTED";1
"204";"SUBROUTINE";"SOURCE_CODE";"AS_CRPD_FIELDVALUECHANGED";1
"205";"SUBROUTINE";"SOURCE_CODE";"AS_CRPD_FIELDVALUECHNGD_ERSLTS";2
"206";"SUBROUTINE";"SOURCE_CODE";"AS_CRPD_FIELDVALUECHNGD_XTBCTL";2
"207";"SUBROUTINE";"SOURCE_CODE";"AS_CRPD_OPENED";3
"208";"SUBROUTINE";"SOURCE_CODE";"AS_CRPD_OPENED_ERSLTS";2
"209";"SUBROUTINE";"SOURCE_CODE";"AS_CRPD_OPENED_XTBCTL";2
"210";"SUBROUTINE";"SOURCE_CODE";"AS_FOLDER_ABOUT_TO_PERFORM_ACTION";1
"211";"SUBROUTINE";"SOURCE_CODE";"AS_FOLDER_OPENED";1
"212";"SUBROUTINE";"SOURCE_CODE";"AS_FOLDER_SAVED";1
"213";"SUBROUTINE";"SOURCE_CODE";"AS_LOGIN";4
"214";"SUBROUTINE";"SOURCE_CODE";"AS_PCRE_CLOSED";1
"215";"SUBROUTINE";"SOURCE_CODE";"AS_PCRE_RECORD_SELECTED";1
"216";"SUBROUTINE";"SOURCE_CODE";"AS_PROJECT_FLD_VAL_CHANGED";2
"217";"SUBROUTINE";"SOURCE_CODE";"AS_PROJECT_SELECTED";1
"218";"SUBROUTINE";"SOURCE_CODE";"AS_SLT_FIELD_VALUE_CHANGED";1
"219";"SUBROUTINE";"SOURCE_CODE";"AS_TBLMGR_ABTSAVE";1
"220";"SUBROUTINE";"SOURCE_CODE";"AS_TM_ADD_ANALYSIS_COST_ITEM";1
"221";"SUBROUTINE";"SOURCE_CODE";"AS_USRWIN_FIELD_VAL_CHANGED";1
"222";"SUBROUTINE";"SOURCE_CODE";"AS_USRWIN_REC_SAVED";1
"223";"SUBROUTINE";"SOURCE_CODE";"AUDIT_BATC";2
"224";"SUBROUTINE";"SOURCE_CODE";"AUDIT_INV";1
"225";"SUBROUTINE";"SOURCE_CODE";"AUDIT_LOT";1
"226";"SUBROUTINE";"SOURCE_CODE";"AUDIT_PROJ";2
"227";"SUBROUTINE";"SOURCE_CODE";"AUDIT_PROT";1
"228";"SUBROUTINE";"SOURCE_CODE";"AUDIT_TABL";1
"229";"SUBROUTINE";"SOURCE_CODE";"C_ROUTINE_CALLING";5
"230";"SUBROUTINE";"SOURCE_CODE";"CC_FACTOR_ICP_MET";1
"231";"SUBROUTINE";"SOURCE_CODE";"CM_DETAILS";1
"232";"SUBROUTINE";"SOURCE_CODE";"COA_CONTACT_DETAILS";4
"233";"SUBROUTINE";"SOURCE_CODE";"COA_CREATE_PDF";3
"234";"SUBROUTINE";"SOURCE_CODE";"COA_DISPLAY_CURRENT_PDF";2
"235";"SUBROUTINE";"SOURCE_CODE";"COA_RUNREPORT_SETUP_CONTACT";1
"236";"SUBROUTINE";"SOURCE_CODE";"COA_RUNREPORT_SETUP_DEFAULT";2
"237";"SUBROUTINE";"SOURCE_CODE";"COA_RUNREPORT_SETUP_XTAB";2
"238";"SUBROUTINE";"SOURCE_CODE";"DOC_DB";2
"239";"SUBROUTINE";"SOURCE_CODE";"DOC_LABEL";1
"240";"SUBROUTINE";"SOURCE_CODE";"DOC_STAMPING";1
"241";"SUBROUTINE";"SOURCE_CODE";"ET_BATCH_ABOUT_TO_SAVE";1
"242";"SUBROUTINE";"SOURCE_CODE";"ET_BATCH_VIEWCHANGED";2
"243";"SUBROUTINE";"SOURCE_CODE";"ET_DB_ADD_LAB_STORAGE_LOCATION";1
"244";"SUBROUTINE";"SOURCE_CODE";"ET_DB_ADD_STORAGE_LOCATION";1
"245";"SUBROUTINE";"SOURCE_CODE";"ET_DB_ANALYSIS_UPDATED";1
"246";"SUBROUTINE";"SOURCE_CODE";"ET_DB_BATCH_HDR_TEMPL";1
"247";"SUBROUTINE";"SOURCE_CODE";"ET_DB_CONTRACTQ_CHECK";1
"248";"SUBROUTINE";"SOURCE_CODE";"ET_DB_CUSTOMER_CREATED";1
"249";"SUBROUTINE";"SOURCE_CODE";"ET_DB_CUSTOMER_UPDATED";1
"250";"SUBROUTINE";"SOURCE_CODE";"ET_DB_INVOICE_ITEM_RECORD_INS";1
"251";"SUBROUTINE";"SOURCE_CODE";"ET_DB_PROJ_ALLRECEIVED";1
"252";"SUBROUTINE";"SOURCE_CODE";"ET_DB_REQUIRED_VOLUME";1
"253";"SUBROUTINE";"SOURCE_CODE";"ET_DB_TEST_LIST_INSERTED";1
"254";"SUBROUTINE";"SOURCE_CODE";"ET_DB_TEST_LIST_UPDATED";1
"255";"SUBROUTINE";"SOURCE_CODE";"ET_INVOICE_UPDATED";2
"256";"SUBROUTINE";"SOURCE_CODE";"ET_PROJECT_CLOSED";1
"257";"SUBROUTINE";"SOURCE_CODE";"ET_PROJECT_CREATED";1
"258";"SUBROUTINE";"SOURCE_CODE";"ET_QC_LOGGED";3
"259";"SUBROUTINE";"SOURCE_CODE";"ET_SAMPLE_AUTHORISED";1
"260";"SUBROUTINE";"SOURCE_CODE";"ET_SAMPLE_COMP_BALCA";1
"261";"SUBROUTINE";"SOURCE_CODE";"ET_SAMPLE_LOGGED";1
"262";"SUBROUTINE";"SOURCE_CODE";"ET_SAMPLE_RECEIVED";1
"263";"SUBROUTINE";"SOURCE_CODE";"ET_SAMPLECOMP_INS_FAIL";1
"264";"SUBROUTINE";"SOURCE_CODE";"ET_TEST_ASSIGN_ACCREDITED";2
"265";"SUBROUTINE";"SOURCE_CODE";"ET_TEST_ASSIGN_AUTO_ALIQUOT";2
"266";"SUBROUTINE";"SOURCE_CODE";"ET_TEST_ASSIGN_DEFAULT";1
"267";"SUBROUTINE";"SOURCE_CODE";"ET_TEST_ASSIGN_DUE_DATE";3
"268";"SUBROUTINE";"SOURCE_CODE";"ET_TEST_ASSIGN_LOCATION";2
"269";"SUBROUTINE";"SOURCE_CODE";"ET_TEST_ASSIGN_PREP_TEST";3
"270";"SUBROUTINE";"SOURCE_CODE";"ET_TEST_ASSIGN_PREP_TEST_GRP";2
"271";"SUBROUTINE";"SOURCE_CODE";"ET_TEST_ASSIGN_QC_COMPONENTS";1
"272";"SUBROUTINE";"SOURCE_CODE";"ET_TEST_AUTHORIZED_DEFAULT";1
"273";"SUBROUTINE";"SOURCE_CODE";"ET_TEST_AUTHORIZED_QC";2
"274";"SUBROUTINE";"SOURCE_CODE";"F6";1
"275";"SUBROUTINE";"SOURCE_CODE";"FN_ADD_DATA";1
"276";"SUBROUTINE";"SOURCE_CODE";"FN_ADD_DATA_POSTED";1
"277";"SUBROUTINE";"SOURCE_CODE";"FN_ADD_DIST_LIST_TO_PROJECT";2
"278";"SUBROUTINE";"SOURCE_CODE";"FN_ADD_FUNCTIONAL_PRIV";1
"279";"SUBROUTINE";"SOURCE_CODE";"FN_ADD_PEOPLE_TO_DIST_LIST";1
"280";"SUBROUTINE";"SOURCE_CODE";"FN_ADD_PERSON_TO_PROJECT";3
"281";"SUBROUTINE";"SOURCE_CODE";"FN_ADD_TO_BATCH_FUN";3
"282";"SUBROUTINE";"SOURCE_CODE";"FN_ADHOC_ASSIGN_LOCATION";2
"283";"SUBROUTINE";"SOURCE_CODE";"FN_ANALYSIS_DATE_TABLE";2
"284";"SUBROUTINE";"SOURCE_CODE";"FN_ARRAY_TO_HTML";1
"285";"SUBROUTINE";"SOURCE_CODE";"FN_AS_CM_REFRESH_ALL";3
"286";"SUBROUTINE";"SOURCE_CODE";"FN_ASSIGN_LOCATION";5
"287";"SUBROUTINE";"SOURCE_CODE";"FN_ASSIGN_LOCATION_DIALOGUE";3
"288";"SUBROUTINE";"SOURCE_CODE";"FN_ASSIGN_LOCATION_GRID_UPDATE";2
"289";"SUBROUTINE";"SOURCE_CODE";"FN_ASSIGN_LOCATION_SPLIT";3
"290";"SUBROUTINE";"SOURCE_CODE";"FN_ASSIGN_LOCATION_TEST";2
"291";"SUBROUTINE";"SOURCE_CODE";"FN_ASSIGN_LOCN_TO_SELECT_TESTS";1
"292";"SUBROUTINE";"SOURCE_CODE";"FN_AUTO_SAMPLE_REGISTRATION";2
"293";"SUBROUTINE";"SOURCE_CODE";"FN_AUTO_SUB_LOG_DUPLO";1
"294";"SUBROUTINE";"SOURCE_CODE";"FN_AUTO_SUB_LOG_TESTS";1
"295";"SUBROUTINE";"SOURCE_CODE";"FN_AUTO_SUB_ROOT_PATH";13
"296";"SUBROUTINE";"SOURCE_CODE";"FN_AUTO_SUB_SAMPLE_RECEPTION";2
"297";"SUBROUTINE";"SOURCE_CODE";"FN_AUTO_SUB_STAALINFO";1
"298";"SUBROUTINE";"SOURCE_CODE";"FN_BATCH_CUSTOM_PROTOCOL";1
"299";"SUBROUTINE";"SOURCE_CODE";"FN_BATCH_CUSTOM_PROTOCOL_IC_ANKAT";1
"300";"SUBROUTINE";"SOURCE_CODE";"FN_BM_EJSPLOT";2
"301";"SUBROUTINE";"SOURCE_CODE";"FN_CALC_SCHED_GENERIC";1
"302";"SUBROUTINE";"SOURCE_CODE";"FN_CATALOGUE_LIST";2
"303";"SUBROUTINE";"SOURCE_CODE";"FN_CLONE_SAMPLE";1
"304";"SUBROUTINE";"SOURCE_CODE";"FN_CM_CHARGE_BY_COMP_PER_RES";3
"305";"SUBROUTINE";"SOURCE_CODE";"FN_CM_CHARGE_BY_NUM_COMP_ALL_Q";3
"306";"SUBROUTINE";"SOURCE_CODE";"FN_CM_CHARGE_BY_NUM_COMP_Q";3
"307";"SUBROUTINE";"SOURCE_CODE";"FN_CM_CHARGE_SAMPLE";2
"308";"SUBROUTINE";"SOURCE_CODE";"FN_CM_CHARGE_SURCHARGE";3
"309";"SUBROUTINE";"SOURCE_CODE";"FN_CM_CHARGE_TEST";7
"310";"SUBROUTINE";"SOURCE_CODE";"FN_CM_CHARGE_VALIDATE_PROJECT";7
"311";"SUBROUTINE";"SOURCE_CODE";"FN_CM_CQ_ADD_COST_ITEMS";2
"312";"SUBROUTINE";"SOURCE_CODE";"FN_CM_CQ_CALCULATE_PRICES";4
"313";"SUBROUTINE";"SOURCE_CODE";"FN_CM_CREATE_ACCOUNT";3
"314";"SUBROUTINE";"SOURCE_CODE";"FN_CM_CREATE_CHARGE_GROUP";2
"315";"SUBROUTINE";"SOURCE_CODE";"FN_CM_CREATE_CONTRACT_QUOTE";3
"316";"SUBROUTINE";"SOURCE_CODE";"FN_CM_INVOICE_CHARGE_GROUP";2
"317";"SUBROUTINE";"SOURCE_CODE";"FN_CM_INVOICE_CREATE_FOR_PROJECT";3
"318";"SUBROUTINE";"SOURCE_CODE";"FN_CM_INVOICE_FIN_SYS_EXPORT";2
"319";"SUBROUTINE";"SOURCE_CODE";"FN_CM_INVOICE_FIN_SYS_PREP";2
"320";"SUBROUTINE";"SOURCE_CODE";"FN_CM_INVOICE_PDF_CREATE";2
"321";"SUBROUTINE";"SOURCE_CODE";"FN_CM_INVOICE_PDF_DISTRIBUTE";2
"322";"SUBROUTINE";"SOURCE_CODE";"FN_CM_INVOICE_PROJ_CHARGES";4
"323";"SUBROUTINE";"SOURCE_CODE";"FN_CM_OGM_INVOICES_PROCESS";2
"324";"SUBROUTINE";"SOURCE_CODE";"FN_CM_PRICE_FOR_COSTITEM";5
"325";"SUBROUTINE";"SOURCE_CODE";"FN_CM_PRICE_FOR_OBJECT";4
"326";"SUBROUTINE";"SOURCE_CODE";"FN_CM_SET_ACCOUNT_CUSTOMER";2
"327";"SUBROUTINE";"SOURCE_CODE";"FN_CM_SET_COST_ITEM_DESC";2
"328";"SUBROUTINE";"SOURCE_CODE";"FN_CM_SET_MASTER_CONTRACT";2
"329";"SUBROUTINE";"SOURCE_CODE";"FN_CM_UPDATE_INVOICE_CUSTOMER";4
"330";"SUBROUTINE";"SOURCE_CODE";"FN_COLLECTION_RUN_EXECUTE";1
"331";"SUBROUTINE";"SOURCE_CODE";"FN_CONTACT_CREATE";5
"332";"SUBROUTINE";"SOURCE_CODE";"FN_CONTACT_SEND_MESSAGE";5
"333";"SUBROUTINE";"SOURCE_CODE";"FN_COST_ITEM_GRID";3
"334";"SUBROUTINE";"SOURCE_CODE";"FN_CSV_TO_ARRAY";1
"335";"SUBROUTINE";"SOURCE_CODE";"FN_CURRENT_IC_VIEWHANDLE";1
"336";"SUBROUTINE";"SOURCE_CODE";"FN_CUSTOMER_CREATE";1
"337";"SUBROUTINE";"SOURCE_CODE";"FN_CUSTOMER_EMAIL_CREATE";1
"338";"SUBROUTINE";"SOURCE_CODE";"FN_DATETIME_TXT";3
"339";"SUBROUTINE";"SOURCE_CODE";"FN_DEBUG_MODUS_PVS";3
"340";"SUBROUTINE";"SOURCE_CODE";"FN_DIRECTORY_PATH_CREATE";4
"341";"SUBROUTINE";"SOURCE_CODE";"FN_DISTRIBUTE_PROJECT_REPORT";4
"342";"SUBROUTINE";"SOURCE_CODE";"FN_EDIT_TESTS";1
"343";"SUBROUTINE";"SOURCE_CODE";"FN_EJSPLOT_C_ANALYSER_V";2
"344";"SUBROUTINE";"SOURCE_CODE";"FN_ERESULTS_CREATE_FILE";2
"345";"SUBROUTINE";"SOURCE_CODE";"FN_ERESULTS_FORMAT_STRING";2
"346";"SUBROUTINE";"SOURCE_CODE";"FN_ERROR_TRAP";20
"347";"SUBROUTINE";"SOURCE_CODE";"FN_EXPORT_ABI3500";2
"348";"SUBROUTINE";"SOURCE_CODE";"FN_EXPORT_ABI3500SEQ";2
"349";"SUBROUTINE";"SOURCE_CODE";"FN_EXPORT_C_TC_ANALYSER";3
"350";"SUBROUTINE";"SOURCE_CODE";"FN_EXPORT_C_TIC_ANAL_SKALAR_V";1
"351";"SUBROUTINE";"SOURCE_CODE";"FN_EXPORT_CHLA_SPECTRO";2
"352";"SUBROUTINE";"SOURCE_CODE";"FN_EXPORT_CN_ANAL_SKALAR_V";1
"353";"SUBROUTINE";"SOURCE_CODE";"FN_EXPORT_GEL_DNA_BATCH";3
"354";"SUBROUTINE";"SOURCE_CODE";"FN_EXPORT_HWC_TC_ANAL_SKALAR_V";1
"355";"SUBROUTINE";"SOURCE_CODE";"FN_EXPORT_HWC_TIC_ANAL_SKALAR_V";1
"356";"SUBROUTINE";"SOURCE_CODE";"FN_EXPORT_IC_ANIONEN_BATCH";2
"357";"SUBROUTINE";"SOURCE_CODE";"FN_EXPORT_IC_ANKAT_BATCH";1
"358";"SUBROUTINE";"SOURCE_CODE";"FN_EXPORT_IC_KATIONEN_BATCH";2
"359";"SUBROUTINE";"SOURCE_CODE";"FN_EXPORT_IC_SO4_BATCH";1
"360";"SUBROUTINE";"SOURCE_CODE";"FN_EXPORT_ICP_BATCH";3
"361";"SUBROUTINE";"SOURCE_CODE";"FN_EXPORT_ICP_NEW";1
"362";"SUBROUTINE";"SOURCE_CODE";"FN_EXPORT_LABELS_INSTR_GENERIC";2
"363";"SUBROUTINE";"SOURCE_CODE";"FN_EXPORT_PLREAD";3
"364";"SUBROUTINE";"SOURCE_CODE";"FN_EXPORT_SPECTRO_POLSEN_V";1
"365";"SUBROUTINE";"SOURCE_CODE";"FN_EXPORT_TCA_BATCH";2
"366";"SUBROUTINE";"SOURCE_CODE";"FN_EXPORT_TEXTUUR";2
"367";"SUBROUTINE";"SOURCE_CODE";"FN_EXPORT_TIT_METROHM_BATCH";3
"368";"SUBROUTINE";"SOURCE_CODE";"FN_EXPORT_TIT_METROHM_CACO3_BATCH";2
"369";"SUBROUTINE";"SOURCE_CODE";"FN_EXPORT_TIT_METROHM_PHEC_V_BATCH";3
"370";"SUBROUTINE";"SOURCE_CODE";"FN_FLEXFLDR_REBUILD";3
"371";"SUBROUTINE";"SOURCE_CODE";"FN_GET_CONSTRAINTS";2
"372";"SUBROUTINE";"SOURCE_CODE";"FN_GET_CUSTOMER_FILTER";6
"373";"SUBROUTINE";"SOURCE_CODE";"FN_GET_INFO_FROM_INSTR_LABELS";20
"374";"SUBROUTINE";"SOURCE_CODE";"FN_GET_INFO_FROM_INSTR_LABELS---";15
"375";"SUBROUTINE";"SOURCE_CODE";"FN_GET_INFO_FROM_INSTR_LABELS_XLSCALC";5
"376";"SUBROUTINE";"SOURCE_CODE";"FN_GET_LOGIN_CUSTOMER_DETAILS";7
"377";"SUBROUTINE";"SOURCE_CODE";"FN_GET_PROJECTDIR";7
"378";"SUBROUTINE";"SOURCE_CODE";"FN_IMPORT_ABI3500";10
"379";"SUBROUTINE";"SOURCE_CODE";"FN_IMPORT_ABI3500_AFLP";2
"380";"SUBROUTINE";"SOURCE_CODE";"FN_IMPORT_ABI3500_MS";5
"381";"SUBROUTINE";"SOURCE_CODE";"FN_IMPORT_ABI3500_SEQ";7
"382";"SUBROUTINE";"SOURCE_CODE";"FN_IMPORT_ABI3500_SEQ_FASTA";1
"383";"SUBROUTINE";"SOURCE_CODE";"FN_IMPORT_ABI3500_SEQ_QC";4
"384";"SUBROUTINE";"SOURCE_CODE";"FN_IMPORT_AGTU_CEC_PE";2
"385";"SUBROUTINE";"SOURCE_CODE";"FN_IMPORT_AGTU_KAT_PE";2
"386";"SUBROUTINE";"SOURCE_CODE";"FN_IMPORT_ALK_OEP_PH_EC_W";3
"387";"SUBROUTINE";"SOURCE_CODE";"FN_IMPORT_ALK_TEP_PH_EC_W";3
"388";"SUBROUTINE";"SOURCE_CODE";"FN_IMPORT_BACL2_CEC_PE";1
"389";"SUBROUTINE";"SOURCE_CODE";"FN_IMPORT_BACL2_KAT_PE";1
"390";"SUBROUTINE";"SOURCE_CODE";"FN_IMPORT_C_N_ANAL_V";3
"391";"SUBROUTINE";"SOURCE_CODE";"FN_IMPORT_C_TC_ANAL_V";3
"392";"SUBROUTINE";"SOURCE_CODE";"FN_IMPORT_C_TIC_ANAL_V";3
"393";"SUBROUTINE";"SOURCE_CODE";"FN_IMPORT_C_TIC_PRIMACS_V";2
"394";"SUBROUTINE";"SOURCE_CODE";"FN_IMPORT_CACO3_V";3
"395";"SUBROUTINE";"SOURCE_CODE";"FN_IMPORT_CEC_AGTU_PE";2
"396";"SUBROUTINE";"SOURCE_CODE";"FN_IMPORT_CEC_BACL2_PE";2
"397";"SUBROUTINE";"SOURCE_CODE";"FN_IMPORT_CEC_COHEX_PE";2
"398";"SUBROUTINE";"SOURCE_CODE";"FN_IMPORT_CEC_EXCH_V";2
"399";"SUBROUTINE";"SOURCE_CODE";"FN_IMPORT_CHLOROFYL_W";2
"400";"SUBROUTINE";"SOURCE_CODE";"FN_IMPORT_HG_ANAL_V";3
"401";"SUBROUTINE";"SOURCE_CODE";"FN_IMPORT_HWC_ANAL_FORMACS_V";2
"402";"SUBROUTINE";"SOURCE_CODE";"FN_IMPORT_ICP_BATCHES";4
"403";"SUBROUTINE";"SOURCE_CODE";"FN_IMPORT_NPOC_TN";2
"404";"SUBROUTINE";"SOURCE_CODE";"FN_IMPORT_PH_EC_V";4
"405";"SUBROUTINE";"SOURCE_CODE";"FN_IMPORT_PH_V";2
"406";"SUBROUTINE";"SOURCE_CODE";"FN_IMPORT_PLREAD";5
"407";"SUBROUTINE";"SOURCE_CODE";"FN_IMPORT_TCA_BATCH";2
"408";"SUBROUTINE";"SOURCE_CODE";"FN_IMPORT_TEXTUUR_LD_V";2
"409";"SUBROUTINE";"SOURCE_CODE";"FN_IMPORT_VELDFORMULIER_W";3
"410";"SUBROUTINE";"SOURCE_CODE";"FN_IMPORT_XLS_DEFAULT";3
"411";"SUBROUTINE";"SOURCE_CODE";"FN_LOG_ENTRY";7
"412";"SUBROUTINE";"SOURCE_CODE";"FN_LOG_ERROR_PHK";3
"413";"SUBROUTINE";"SOURCE_CODE";"FN_LOG_QC_INBO";2
"414";"SUBROUTINE";"SOURCE_CODE";"FN_LOG_SAMPLING_EVENT";3
"415";"SUBROUTINE";"SOURCE_CODE";"FN_MONTH_STR";3
"416";"SUBROUTINE";"SOURCE_CODE";"FN_MY_GROUPS";1
"417";"SUBROUTINE";"SOURCE_CODE";"FN_MY_TABLE";1
"418";"SUBROUTINE";"SOURCE_CODE";"FN_MY_TABLE_ARRAY";1
"419";"SUBROUTINE";"SOURCE_CODE";"FN_MY_VISUAL_WORKFLOW";2
"420";"SUBROUTINE";"SOURCE_CODE";"FN_MY_VISUAL_WORKFLOW_OPE";1
"421";"SUBROUTINE";"SOURCE_CODE";"FN_NEW_CONTACT";3
"422";"SUBROUTINE";"SOURCE_CODE";"FN_OPEN_CUSTOMER_SEARCH";1
"423";"SUBROUTINE";"SOURCE_CODE";"FN_OPEN_MTE_SAMPLING_EVENT";1
"424";"SUBROUTINE";"SOURCE_CODE";"FN_OPEN_MULTITEST_EDITOR";1
"425";"SUBROUTINE";"SOURCE_CODE";"FN_PARSE_FIELDS";3
"426";"SUBROUTINE";"SOURCE_CODE";"FN_PIETERVS_DEBUG";1
"427";"SUBROUTINE";"SOURCE_CODE";"FN_PRINT_DELIVERY";1
"428";"SUBROUTINE";"SOURCE_CODE";"FN_PRJ_MODIFY_TESTS";1
"429";"SUBROUTINE";"SOURCE_CODE";"FN_PRODUCT_SPEC_CREATE";1
"430";"SUBROUTINE";"SOURCE_CODE";"FN_PROJ_TEMP_TABLE_EXECUT";1
"431";"SUBROUTINE";"SOURCE_CODE";"FN_PROJECT_CLOSE";2
"432";"SUBROUTINE";"SOURCE_CODE";"FN_PROJECT_REPORT";2
"433";"SUBROUTINE";"SOURCE_CODE";"FN_PROSPECT_TO_CUST";1
"434";"SUBROUTINE";"SOURCE_CODE";"FN_RECEIVE_FOR_RECEP";1
"435";"SUBROUTINE";"SOURCE_CODE";"FN_REPORT_CHOOSE_REPORTTYPE_GET_WCLAUSE";5
"436";"SUBROUTINE";"SOURCE_CODE";"FN_REPORT_OUTPUTDIR_SELECT";5
"437";"SUBROUTINE";"SOURCE_CODE";"FN_REVIEW_ALL";2
"438";"SUBROUTINE";"SOURCE_CODE";"FN_RPT_GENERATOR";2
"439";"SUBROUTINE";"SOURCE_CODE";"FN_RUN_SQL_SCRIPT";1
"440";"SUBROUTINE";"SOURCE_CODE";"FN_SAMP_TEMP_TABLE_EXECUT";1
"441";"SUBROUTINE";"SOURCE_CODE";"FN_SCHED_CLOSE_BATCH";2
"442";"SUBROUTINE";"SOURCE_CODE";"FN_SCHED_COL_NAME_MAPPING";8
"443";"SUBROUTINE";"SOURCE_CODE";"FN_SCHED_GET_BATCH_INFO";21
"444";"SUBROUTINE";"SOURCE_CODE";"FN_SCHED_GET_BATCHNAME";11
"445";"SUBROUTINE";"SOURCE_CODE";"FN_SCHED_IMPORT_COMPLETE";23
"446";"SUBROUTINE";"SOURCE_CODE";"FN_SEARCH_DIALOG_TABLE_EX";1
"447";"SUBROUTINE";"SOURCE_CODE";"FN_SEND_EMAIL";4
"448";"SUBROUTINE";"SOURCE_CODE";"FN_SEND_FAX";2
"449";"SUBROUTINE";"SOURCE_CODE";"FN_SEND_POST";2
"450";"SUBROUTINE";"SOURCE_CODE";"FN_SET_ACTIVE_CUSTOMER";7
"451";"SUBROUTINE";"SOURCE_CODE";"FN_SET_USER_CONSTANT";2
"452";"SUBROUTINE";"SOURCE_CODE";"FN_SET_USER_CONSTANTS";2
"453";"SUBROUTINE";"SOURCE_CODE";"FN_SET_WHERE_FOR_EXT_CUST";1
"454";"SUBROUTINE";"SOURCE_CODE";"FN_SHIP_SAMPLES";2
"455";"SUBROUTINE";"SOURCE_CODE";"FN_SUB_ERROR_HANDLER";15
"456";"SUBROUTINE";"SOURCE_CODE";"FN_TEST_TURNAROUND";1
"457";"SUBROUTINE";"SOURCE_CODE";"FN_UPD_CI";1
"458";"SUBROUTINE";"SOURCE_CODE";"FN_USR_DLG_MY_KPI_VALUE";1
"459";"SUBROUTINE";"SOURCE_CODE";"FN_UTILISATIE_CONTRACT";3
"460";"SUBROUTINE";"SOURCE_CODE";"FN_VALIDATE_KEY";2
"461";"SUBROUTINE";"SOURCE_CODE";"FN_VW_GET_CONSTANTS";10
"462";"SUBROUTINE";"SOURCE_CODE";"FN_WEB_FILESEND";4
"463";"SUBROUTINE";"SOURCE_CODE";"FN_XTAB_CONTROL_SET_REPTABLES";4
"464";"SUBROUTINE";"SOURCE_CODE";"FN_XTAB_CONTROL_SETUP_SQLVARS";3
"465";"SUBROUTINE";"SOURCE_CODE";"FN-ANALYSISTABLE_EXECUTE";1
"466";"SUBROUTINE";"SOURCE_CODE";"FOLDER_MGR_EXPORT_ERESULTS";1
"467";"SUBROUTINE";"SOURCE_CODE";"INBO_PROJECT_PLAN";1
"468";"SUBROUTINE";"SOURCE_CODE";"INFO_RULE_VIEW_SOP";1
"469";"SUBROUTINE";"SOURCE_CODE";"INTERFAX_SENDEX2";2
"470";"SUBROUTINE";"SOURCE_CODE";"LOCATION_LIST";3
"471";"SUBROUTINE";"SOURCE_CODE";"MENU_FM_NEW_FOLDER";1
"472";"SUBROUTINE";"SOURCE_CODE";"MN_ALG_ANALYSE_DUP_PM";2
"473";"SUBROUTINE";"SOURCE_CODE";"MN_ALG_SHOW_BATCH";1
"474";"SUBROUTINE";"SOURCE_CODE";"MN_ALG_SLOG_DUP";2
"475";"SUBROUTINE";"SOURCE_CODE";"MN_ANALYSES_OPEN";1
"476";"SUBROUTINE";"SOURCE_CODE";"MN_ANALYSES_TO_REVIEW";1
"477";"SUBROUTINE";"SOURCE_CODE";"MN_BATCH_USER_STRING_INBO";3
"478";"SUBROUTINE";"SOURCE_CODE";"MN_BM_AUTHORIZE_TEST";1
"479";"SUBROUTINE";"SOURCE_CODE";"MN_BM_BATCH_OPEN_AS_FOLDER";1
"480";"SUBROUTINE";"SOURCE_CODE";"MN_BM_BATCH_RELEASE_UNIMPORTED";1
"481";"SUBROUTINE";"SOURCE_CODE";"MN_BM_EXPORT_BATCH_LABELS";1
"482";"SUBROUTINE";"SOURCE_CODE";"MN_BM_INFO_PLATE_LAYOUT";1
"483";"SUBROUTINE";"SOURCE_CODE";"MN_BM_INST_EXPORT_CSV_GENERIC";1
"484";"SUBROUTINE";"SOURCE_CODE";"MN_BM_INST_IMPORT_CSV_GENERIC";2
"485";"SUBROUTINE";"SOURCE_CODE";"MN_BM_INST_IMPORT_NPOC_TN";2
"486";"SUBROUTINE";"SOURCE_CODE";"MN_BM_INST_IMPORT_XLS_DEFAULT";11
"487";"SUBROUTINE";"SOURCE_CODE";"MN_BM_QC_TOOLS_GEN_MS_FILTER_FLDR";1
"488";"SUBROUTINE";"SOURCE_CODE";"MN_BM_REPLICATE_TEST";2
"489";"SUBROUTINE";"SOURCE_CODE";"MN_CAT_ACTIVATE";2
"490";"SUBROUTINE";"SOURCE_CODE";"MN_CAT_DESACTIVATE";2
"491";"SUBROUTINE";"SOURCE_CODE";"MN_CHECKBATCHDUPLOS";2
"492";"SUBROUTINE";"SOURCE_CODE";"MN_CM_AUTO_LOG_PROJECTS";1
"493";"SUBROUTINE";"SOURCE_CODE";"MN_CM_INFO_PROJECTS_OVERVIEW";1
"494";"SUBROUTINE";"SOURCE_CODE";"MN_CM_INFO_SAMPLE_OVERVIEW";1
"495";"SUBROUTINE";"SOURCE_CODE";"MN_CM_INVOICE_TEMP";1
"496";"SUBROUTINE";"SOURCE_CODE";"MN_CONTRACTOVERZICHT";1
"497";"SUBROUTINE";"SOURCE_CODE";"MN_CREATE_FLDR_BATCH";1
"498";"SUBROUTINE";"SOURCE_CODE";"MN_DISPLAYBATCH";1
"499";"SUBROUTINE";"SOURCE_CODE";"MN_EXP_BATCH_LABELS";10
"500";"SUBROUTINE";"SOURCE_CODE";"MN_EXP_IC_METHROHM";2
"501";"SUBROUTINE";"SOURCE_CODE";"MN_EXP_IC_SO4_W";1
"502";"SUBROUTINE";"SOURCE_CODE";"MN_EXP_LABO_ID";2
"503";"SUBROUTINE";"SOURCE_CODE";"MN_EXP_LABO_ID_2COL";1
"504";"SUBROUTINE";"SOURCE_CODE";"MN_EXP_PROJ_LABEL_INFO";1
"505";"SUBROUTINE";"SOURCE_CODE";"MN_EXP_TIT_METROHM";4
"506";"SUBROUTINE";"SOURCE_CODE";"MN_EXP_TIT_METROHM_CACO3";1
"507";"SUBROUTINE";"SOURCE_CODE";"MN_EXP_TIT_METROHM_PHEC_V";1
"508";"SUBROUTINE";"SOURCE_CODE";"MN_EXP_WORKLIST_BM";1
"509";"SUBROUTINE";"SOURCE_CODE";"MN_EXPORT_SAMPLE_IDS";1
"510";"SUBROUTINE";"SOURCE_CODE";"MN_EXPORT_TO_INSTR";4
"511";"SUBROUTINE";"SOURCE_CODE";"MN_GEN_DNA_RUN";3
"512";"SUBROUTINE";"SOURCE_CODE";"MN_GEN_PLATELAYOUT";2
"513";"SUBROUTINE";"SOURCE_CODE";"MN_GEN_SHOWPLATES";1
"514";"SUBROUTINE";"SOURCE_CODE";"MN_GEN_SLOG_EXISTING";1
"515";"SUBROUTINE";"SOURCE_CODE";"MN_GEN_SLOG_GRID";1
"516";"SUBROUTINE";"SOURCE_CODE";"MN_GEN_SLOG_XLS";2
"517";"SUBROUTINE";"SOURCE_CODE";"MN_GEN_SLOG_XLS_OLD";1
"518";"SUBROUTINE";"SOURCE_CODE";"MN_IMP_ABI3500";1
"519";"SUBROUTINE";"SOURCE_CODE";"MN_IMP_ANIONEN";1
"520";"SUBROUTINE";"SOURCE_CODE";"MN_IMP_SAMP_EXTERNID";1
"521";"SUBROUTINE";"SOURCE_CODE";"MN_IMPORT_FROM_INSTR";10
"522";"SUBROUTINE";"SOURCE_CODE";"MN_IMPORT_TO_ACTIVE_BATCH";1
"523";"SUBROUTINE";"SOURCE_CODE";"MN_INFO_TEST_PLANNING";1
"524";"SUBROUTINE";"SOURCE_CODE";"MN_LOG_EXISTING_QC";2
"525";"SUBROUTINE";"SOURCE_CODE";"MN_LOG_EXISTING_SAMPLE";1
"526";"SUBROUTINE";"SOURCE_CODE";"MN_LOGPROJECTDUPLO";1
"527";"SUBROUTINE";"SOURCE_CODE";"MN_OPEN_PLATE_MANAGER";1
"528";"SUBROUTINE";"SOURCE_CODE";"MN_OPEN_TEST_EDIT";2
"529";"SUBROUTINE";"SOURCE_CODE";"MN_PM_AUTHORIZE_TEST";1
"530";"SUBROUTINE";"SOURCE_CODE";"MN_PM_EXP_DATADUMP";1
"531";"SUBROUTINE";"SOURCE_CODE";"MN_PM_EXP_LABELCSV_INST";1
"532";"SUBROUTINE";"SOURCE_CODE";"MN_PM_GEN_DNA_RUN_SEQ";3
"533";"SUBROUTINE";"SOURCE_CODE";"MN_PM_GEN_PLATE_FLDR_SAMP";1
"534";"SUBROUTINE";"SOURCE_CODE";"MN_PM_GEN_PLATE_FLDR_TEST";1
"535";"SUBROUTINE";"SOURCE_CODE";"MN_PM_GEN_PLATE_RAW";3
"536";"SUBROUTINE";"SOURCE_CODE";"MN_PM_GEN_PLATE_RAW_ADD";1
"537";"SUBROUTINE";"SOURCE_CODE";"MN_PM_GEN_PLATE_SEQ_METING";1
"538";"SUBROUTINE";"SOURCE_CODE";"MN_PM_GEN_PLATE_SEQ_PCR";1
"539";"SUBROUTINE";"SOURCE_CODE";"MN_PM_PRINT_EVALUATION_FORM";1
"540";"SUBROUTINE";"SOURCE_CODE";"MN_PM_QC_COMPARE_SAME_SAMPLE_ID";1
"541";"SUBROUTINE";"SOURCE_CODE";"MN_PM_QC_GEN_COMPARE_REPLICATES";1
"542";"SUBROUTINE";"SOURCE_CODE";"MN_PM_QC_METHOD_FOLLOW_UP";2
"543";"SUBROUTINE";"SOURCE_CODE";"MN_PM_QC_METHOD_FOLLOW_UP_TM";1
"544";"SUBROUTINE";"SOURCE_CODE";"MN_PM_QC_TOOLS_GEN_MS_ALLEL_OCCUR";1
"545";"SUBROUTINE";"SOURCE_CODE";"MN_PM_QC_TOOLS_GEN_MS_EVAL_REPLI";1
"546";"SUBROUTINE";"SOURCE_CODE";"MN_PM_QC_TOOLS_WAT_EC";1
"547";"SUBROUTINE";"SOURCE_CODE";"MN_PM_QC_TOOLS_WAT_ION_BALANCE";1
"548";"SUBROUTINE";"SOURCE_CODE";"MN_PM_REPORT_CSV_GEN_MS_RPR";4
"549";"SUBROUTINE";"SOURCE_CODE";"MN_PM_REPORT_CSV_GEN_MS_XTAB";3
"550";"SUBROUTINE";"SOURCE_CODE";"MN_PM_REPORT_CSV_GEN_SEQ_RPR";3
"551";"SUBROUTINE";"SOURCE_CODE";"MN_PM_REPORT_CSV_GEN_SEQ_XTAB";3
"552";"SUBROUTINE";"SOURCE_CODE";"MN_PM_REPORT_CSV_VAST_RPR";1
"553";"SUBROUTINE";"SOURCE_CODE";"MN_PM_REPORT_CSV_VAST_XTAB";1
"554";"SUBROUTINE";"SOURCE_CODE";"MN_PM_REPORT_CSV_WATER_RPR";6
"555";"SUBROUTINE";"SOURCE_CODE";"MN_PM_REPORT_CSV_WATER_XTAB";4
"556";"SUBROUTINE";"SOURCE_CODE";"MN_PM_REPORT_SEND";9
"557";"SUBROUTINE";"SOURCE_CODE";"MN_PM_REPORT_SEND_GEN";7
"558";"SUBROUTINE";"SOURCE_CODE";"MN_PM_REPORT_SEND_WATER";6
"559";"SUBROUTINE";"SOURCE_CODE";"MN_PM_REPORT_XTAB_CSV_GENERIC";2
"560";"SUBROUTINE";"SOURCE_CODE";"MN_PM_REPORT_XTAB_CSV_MS";1
"561";"SUBROUTINE";"SOURCE_CODE";"MN_PM_REVIEW_PROJRESULTS";1
"562";"SUBROUTINE";"SOURCE_CODE";"MN_PRINT_SAMPLE_LABELS_PJ";1
"563";"SUBROUTINE";"SOURCE_CODE";"MN_PROJECTOVERZICHT";1
"564";"SUBROUTINE";"SOURCE_CODE";"MN_SAMP_REMARKS";1
"565";"SUBROUTINE";"SOURCE_CODE";"MN_SET_SAMPLE_PRIORITY";1
"566";"SUBROUTINE";"SOURCE_CODE";"MN_VARIABLE_GRAPH_INBO";4
"567";"SUBROUTINE";"SOURCE_CODE";"MN_VARIABLE_GRAPH_INBO_SELECTION";2
"568";"SUBROUTINE";"SOURCE_CODE";"MNU_CONM_SEND_COMMUNICATION";1
"569";"SUBROUTINE";"SOURCE_CODE";"MNU_PM_COA_DISTRIBUTE";1
"570";"SUBROUTINE";"SOURCE_CODE";"MNU_PM_COA_FOR_PROJECT";8
"571";"SUBROUTINE";"SOURCE_CODE";"MNU_PM_COA_PREVIEW";1
"572";"SUBROUTINE";"SOURCE_CODE";"MNU_PM_COA_VIEW_PDF";1
"573";"SUBROUTINE";"SOURCE_CODE";"MNU_PM_LOGIN_VERIFY";1
"574";"SUBROUTINE";"SOURCE_CODE";"MNU_TM_VIEW_SOP";1
"575";"SUBROUTINE";"SOURCE_CODE";"MNU_USR_DLG_CONT_DELIV_SAVE";1
"576";"SUBROUTINE";"SOURCE_CODE";"PROJECT_ADD_MISC_CHARGE";1
"577";"SUBROUTINE";"SOURCE_CODE";"PROJECT_ADD_MISC_COST_ITEM";1
"578";"SUBROUTINE";"SOURCE_CODE";"PROJECT_COPY";2
"579";"SUBROUTINE";"SOURCE_CODE";"PTG_CREATE_AD_HOC";1
"580";"SUBROUTINE";"SOURCE_CODE";"PTG_CREATE_ATTRIBUTE_HTML";3
"581";"SUBROUTINE";"SOURCE_CODE";"PTG_CREATE_GRAPH_HTML";2
"582";"SUBROUTINE";"SOURCE_CODE";"PTG_CREATE_MAIN";2
"583";"SUBROUTINE";"SOURCE_CODE";"PTG_CREATE_PAGE_HTML";3
"584";"SUBROUTINE";"SOURCE_CODE";"PTG_DELETE_EXPIRED_PAGES";2
"585";"SUBROUTINE";"SOURCE_CODE";"PTG_DISPLAY_GRAPHS_HISTORY";1
"586";"SUBROUTINE";"SOURCE_CODE";"PTG_DISPLAY_GRAPHS_MAIN";1
"587";"SUBROUTINE";"SOURCE_CODE";"PTG_DISPLAY_GRAPHS_SEARCH";1
"588";"SUBROUTINE";"SOURCE_CODE";"QC_CALCULATE";2
"589";"SUBROUTINE";"SOURCE_CODE";"QC_REC";3
"590";"SUBROUTINE";"SOURCE_CODE";"QC_RPD";1
"591";"SUBROUTINE";"SOURCE_CODE";"QT_ANALYSIS_SELECTED";1
"592";"SUBROUTINE";"SOURCE_CODE";"QT_CHANGE_REQUEST";1
"593";"SUBROUTINE";"SOURCE_CODE";"QT_DATE_RANGE_3M_INBO";1
"594";"SUBROUTINE";"SOURCE_CODE";"QT_FILTER_PLATES";1
"595";"SUBROUTINE";"SOURCE_CODE";"QT_GET_GLOBAL_VAR";1
"596";"SUBROUTINE";"SOURCE_CODE";"QT_GROUP_NAME";1
"597";"SUBROUTINE";"SOURCE_CODE";"QT_INSTRUMENT_DOWNTIME";1
"598";"SUBROUTINE";"SOURCE_CODE";"QT_LIMS_CONST_COA_ALLOW_EDIT";1
"599";"SUBROUTINE";"SOURCE_CODE";"QT_LIMS_CONST_COA_ALLOW_PRINT";1
"600";"SUBROUTINE";"SOURCE_CODE";"QT_RPT_OBJECTID";2
"601";"SUBROUTINE";"SOURCE_CODE";"QT_RPT_REPORT_PURPOSE";2
"602";"SUBROUTINE";"SOURCE_CODE";"QT_RPT_REPORT_TYPE";2
"603";"SUBROUTINE";"SOURCE_CODE";"QT_SV_APP_CHANGE_NOTE";1
"604";"SUBROUTINE";"SOURCE_CODE";"QT_SV_CONFIG-PACKAGE";2
"605";"SUBROUTINE";"SOURCE_CODE";"QT_SV_DATABASE";1
"606";"SUBROUTINE";"SOURCE_CODE";"QT_SV_ISSUE_LOG";1
"607";"SUBROUTINE";"SOURCE_CODE";"QT_SV_ISSUE_RESOURCE";1
"608";"SUBROUTINE";"SOURCE_CODE";"QT_SV_ISSUE_SUMMARY";1
"609";"SUBROUTINE";"SOURCE_CODE";"QT_SV_ISSUE_TRACE";1
"610";"SUBROUTINE";"SOURCE_CODE";"QT_SV_T_NLS";1
"611";"SUBROUTINE";"SOURCE_CODE";"QT_SV_T_REPORT_TEXT";1
"612";"SUBROUTINE";"SOURCE_CODE";"QT_SV_USERNAME";1
"613";"SUBROUTINE";"SOURCE_CODE";"SAMRULES_REWRITE_ALL";1
"614";"SUBROUTINE";"SOURCE_CODE";"SAMRULES_UPDATE_ANALYSIS";3
"615";"SUBROUTINE";"SOURCE_CODE";"SAMRULES_UPDATE_CONTRACT";7
"616";"SUBROUTINE";"SOURCE_CODE";"SAMRULES_UPDATE_TEST_LIST";4
"617";"SUBROUTINE";"SOURCE_CODE";"SCHED_BATCH_CLOSE";1
"618";"SUBROUTINE";"SOURCE_CODE";"SCHED_CALL_GENERIC";18
"619";"SUBROUTINE";"SOURCE_CODE";"SCHED_CALL_SUBROUTINE";2
"620";"SUBROUTINE";"SOURCE_CODE";"SCHED_CM_CHARGE_GROUP_PROCESS";1
"621";"SUBROUTINE";"SOURCE_CODE";"SCHED_HISTORY";7
"622";"SUBROUTINE";"SOURCE_CODE";"SCHED_IMP_ABI_METING";1
"623";"SUBROUTINE";"SOURCE_CODE";"SCHED_IMP_BATCH_ICP";2
"624";"SUBROUTINE";"SOURCE_CODE";"SCHED_IMP_DNA_PLREAD";1
"625";"SUBROUTINE";"SOURCE_CODE";"SCHED_IMP_IC_ANIONEN";1
"626";"SUBROUTINE";"SOURCE_CODE";"SCHED_IMP_IC_KATIONEN";1
"627";"SUBROUTINE";"SOURCE_CODE";"SCHED_IMP_ICP_AGILENT";1
"628";"SUBROUTINE";"SOURCE_CODE";"SCHED_IMP_ICP_PE";1
"629";"SUBROUTINE";"SOURCE_CODE";"SCHED_IMP_NPOC_TN";1
"630";"SUBROUTINE";"SOURCE_CODE";"SCHED_IMP_SEQ_METING";1
"631";"SUBROUTINE";"SOURCE_CODE";"SCHED_INVOICE_BY_PO_MONTH_CLOSE";1
"632";"SUBROUTINE";"SOURCE_CODE";"SCHED_INVOICE_CLOSED_PROJECTS";1
"633";"SUBROUTINE";"SOURCE_CODE";"SCHED_PROJ_CLOSE";1
"634";"SUBROUTINE";"SOURCE_CODE";"SCHED_PROJ_REPORT_SEND";1
"635";"SUBROUTINE";"SOURCE_CODE";"SCHED_PTG_CREATE_GRAPHS";1
"636";"SUBROUTINE";"SOURCE_CODE";"SCHED_REVIEW_ALL";1
"637";"SUBROUTINE";"SOURCE_CODE";"SCHED_SET_TEST_ACCREDITATION";1
"638";"SUBROUTINE";"SOURCE_CODE";"SCHED_SET_TEST_DUE_DATE";1
"639";"SUBROUTINE";"SOURCE_CODE";"SCHED_START_COA_PROCESS";2
"640";"SUBROUTINE";"SOURCE_CODE";"SR_ALLOW_AUTHORISE";1
"641";"SUBROUTINE";"SOURCE_CODE";"SR_MENU_GRID_RESULT_ENTRY";1
"642";"SUBROUTINE";"SOURCE_CODE";"SR_MENU_SET_STD_REAG_LIMITS";1
"643";"SUBROUTINE";"SOURCE_CODE";"T_ADD_OBJECTS_TO_PACKAGE";2
"644";"SUBROUTINE";"SOURCE_CODE";"T_DLG_MNU_ISSUE_EXPORT";1
"645";"SUBROUTINE";"SOURCE_CODE";"T_DLG_MNU_ISSUE_LOG_OPEN";1
"646";"SUBROUTINE";"SOURCE_CODE";"T_ERRLOG_MANAGER";1
"647";"SUBROUTINE";"SOURCE_CODE";"T_FN_CONFIG_DOC";1
"648";"SUBROUTINE";"SOURCE_CODE";"T_FN_CONFIG_DOC_PCKG";1
"649";"SUBROUTINE";"SOURCE_CODE";"T_FN_CREATE_TABLE_STRUCTURE";1
"650";"SUBROUTINE";"SOURCE_CODE";"T_FN_EDIT_ISSUES";1
"651";"SUBROUTINE";"SOURCE_CODE";"T_FN_ERROR_LOG";28
"652";"SUBROUTINE";"SOURCE_CODE";"T_FN_ERROR_LOG_NOTIFY_LIMS_ADM";1
"653";"SUBROUTINE";"SOURCE_CODE";"T_FN_ERROR_LOG_SQL";4
"654";"SUBROUTINE";"SOURCE_CODE";"T_FN_ERROR_RAISE";16
"655";"SUBROUTINE";"SOURCE_CODE";"T_FN_ERROR_TRAP";14
"656";"SUBROUTINE";"SOURCE_CODE";"T_FN_UPDATE_OBJ_DESCR";1
"657";"SUBROUTINE";"SOURCE_CODE";"T_FN_VERIFY_PACKAGE";1
"658";"SUBROUTINE";"SOURCE_CODE";"T_GAP_ANAL_MAP";2
"659";"SUBROUTINE";"SOURCE_CODE";"T_IMPORT_GAP_LIST";4
"660";"SUBROUTINE";"SOURCE_CODE";"T_QT_ERROR_LOG_SEARCH";1
"661";"SUBROUTINE";"SOURCE_CODE";"T_UD_ERRLOG_ARCHIVE";1
"662";"SUBROUTINE";"SOURCE_CODE";"T_UD_ERRLOG_CHANGE_STATUS";1
"663";"SUBROUTINE";"SOURCE_CODE";"T_UD_ERRLOG_DELETE";1
"664";"SUBROUTINE";"SOURCE_CODE";"T_VW_ISSUE_STATS";1
"665";"SUBROUTINE";"SOURCE_CODE";"T_VW_OPEN_CONFIG_PACKAGE_MGR";1
"666";"SUBROUTINE";"SOURCE_CODE";"T_VW_SYSTEM_LIST";2
"667";"SUBROUTINE";"SOURCE_CODE";"UD_VAL_FD_FLEX";1
"668";"SUBROUTINE";"SOURCE_CODE";"USR_DLG_ANALY_VALIDATION";1
"669";"SUBROUTINE";"SOURCE_CODE";"USR_DLG_COLL_RUN_VALIDATI";1
"670";"SUBROUTINE";"SOURCE_CODE";"USR_DLG_EM_SAMPLE";1
"671";"SUBROUTINE";"SOURCE_CODE";"USR_DLG_VALID_CUSTOMER";1
"672";"SUBROUTINE";"SOURCE_CODE";"UTL_CREATE_NLS_FIELDTAB";1
"673";"SUBROUTINE";"SOURCE_CODE";"UTL_CREATE_NLS_MENUROUTINE";1
"674";"SUBROUTINE";"SOURCE_CODE";"UTL_VERIFY_NLS";1
"675";"SUBROUTINE";"SOURCE_CODE";"VW_CHANGE_PASSWORD";1
"676";"SUBROUTINE";"SOURCE_CODE";"VW_CHARGE_MANAGER_INVOICE";1
"677";"SUBROUTINE";"SOURCE_CODE";"VW_CONTAINER_DISPATCH_OPEN";1
"678";"SUBROUTINE";"SOURCE_CODE";"VW_CUST_MAIN";4
"679";"SUBROUTINE";"SOURCE_CODE";"VW_CUST_MAIN_LAUNCHER";1
"680";"SUBROUTINE";"SOURCE_CODE";"VW_CUST_MAINT_PICK_PEOPLE";2
"681";"SUBROUTINE";"SOURCE_CODE";"VW_CUST_RESULTS";5
"682";"SUBROUTINE";"SOURCE_CODE";"VW_CUST_RESULTS_CHART";2
"683";"SUBROUTINE";"SOURCE_CODE";"VW_CUST_RESULTS_EXCEL";2
"684";"SUBROUTINE";"SOURCE_CODE";"VW_CUST_RESULTS_LAUNCHER";1
"685";"SUBROUTINE";"SOURCE_CODE";"VW_CUST_WEB_GET_LOGGED_IN_USERS";2
"686";"SUBROUTINE";"SOURCE_CODE";"VW_CUST_WEB_MAINTENANCE";2
"687";"SUBROUTINE";"SOURCE_CODE";"VW_CUST_WEB_MAINTENANCE_LAUNCHER";2
"688";"SUBROUTINE";"SOURCE_CODE";"VW_DASHBOARD";2
"689";"SUBROUTINE";"SOURCE_CODE";"VW_DASHBOARD_LAUNCHER";1
"690";"SUBROUTINE";"SOURCE_CODE";"VW_INVOICE_QUERY";3
"691";"SUBROUTINE";"SOURCE_CODE";"VW_LABANALYST_DASHB";2
"692";"SUBROUTINE";"SOURCE_CODE";"VW_OBJECT_GP_MGR_OPEN";1
"693";"SUBROUTINE";"SOURCE_CODE";"VW_OPEN_BATCH";3
"694";"SUBROUTINE";"SOURCE_CODE";"VW_OPEN_BATCH_ALL";1
"695";"SUBROUTINE";"SOURCE_CODE";"VW_OPEN_FOLDER_TEST_ALL";1
"696";"SUBROUTINE";"SOURCE_CODE";"VW_OPEN_FOLDER_TEST_SEL";1
"697";"SUBROUTINE";"SOURCE_CODE";"VW_OPEN_GRID_EDITOR";1
"698";"SUBROUTINE";"SOURCE_CODE";"VW_OPEN_LOCATION_GRID_EDITOR";1
"699";"SUBROUTINE";"SOURCE_CODE";"VW_OPEN_MAIN_MENU_ITEM";3
"700";"SUBROUTINE";"SOURCE_CODE";"VW_PROCESS_SCHEDULER_OPEN";1
"701";"SUBROUTINE";"SOURCE_CODE";"VW_PROJECT_NEW";1
"702";"SUBROUTINE";"SOURCE_CODE";"VW_PROJECT_QUERY";3
"703";"SUBROUTINE";"SOURCE_CODE";"VW_REPORT_MGR_LAUNCHER";1
"704";"SUBROUTINE";"SOURCE_CODE";"VW_RUN_REPORT";1
"705";"SUBROUTINE";"SOURCE_CODE";"VW_SHELL_COMMAND";1
"706";"SUBROUTINE";"SOURCE_CODE";"VW_TABLE_MANAGER_OPEN";1
"707";"SUBROUTINE";"SOURCE_CODE";"VW_USER_INFORMATION";1
"708";"SUBROUTINE";"SOURCE_CODE";"VW_USERS_ENABLE_ACCOUNT";1
"709";"SUBROUTINE";"SOURCE_CODE";"VWF_CALENDAR_DATE";1
"710";"SUBROUTINE";"SOURCE_CODE";"VWF_CHANGES";2
"711";"SUBROUTINE";"SOURCE_CODE";"VWF_CHANGES_HANDLER";1
"712";"SUBROUTINE";"SOURCE_CODE";"VWF_CUSTDASHB_GETCUST";1
"713";"SUBROUTINE";"SOURCE_CODE";"VWF_ELEMENTS";1
"714";"SUBROUTINE";"SOURCE_CODE";"VWF_FOLDER_SUMMARY";2
"715";"SUBROUTINE";"SOURCE_CODE";"VWF_FOLDER_SUMMARY_HANDLER";1
"716";"SUBROUTINE";"SOURCE_CODE";"VWF_GET_CONSTANTS";2
"717";"SUBROUTINE";"SOURCE_CODE";"VWF_LABSUMMARY";1
"718";"SUBROUTINE";"SOURCE_CODE";"VWF_LAST_LOGIN";1
"719";"SUBROUTINE";"SOURCE_CODE";"VWF_MENU1_HANDLER";1
"720";"SUBROUTINE";"SOURCE_CODE";"VWF_MISC_HANDLER";1
"721";"SUBROUTINE";"SOURCE_CODE";"VWF_MULTI_MENU_HANDLER";1
"722";"SUBROUTINE";"SOURCE_CODE";"VWF_MY_WORKFLOWS";2
"723";"SUBROUTINE";"SOURCE_CODE";"VWF_MY_WORKFLOWS_OPEN";1
"724";"SUBROUTINE";"SOURCE_CODE";"VWF_ONTIMEDEL";2
"725";"SUBROUTINE";"SOURCE_CODE";"VWF_ONTIMEDEL_LAUNCHER";1
"726";"SUBROUTINE";"SOURCE_CODE";"VWF_PREFERENCES";1
"727";"SUBROUTINE";"SOURCE_CODE";"VWF_PREFERENCES_OPEN";1
"728";"SUBROUTINE";"SOURCE_CODE";"VWF_REVENUE";2
"729";"SUBROUTINE";"SOURCE_CODE";"VWF_REVENUE_LAUNCHER";1
"730";"SUBROUTINE";"SOURCE_CODE";"VWF_TITLE";1
"731";"SUBROUTINE";"SOURCE_CODE";"VWF_USER_INFORMATION";2
"732";"SUBROUTINE";"SOURCE_CODE";"VWF_USER_INFORMATION_HANDLER";1
"733";"T_ERROR_LOG";"TRACE_TEXT";"AS_PROJECT_SELECTED";16
"734";"T_ERROR_LOG";"TRACE_TEXT";"COA_CREATE_PDF";18
"735";"T_ERROR_LOG";"TRACE_TEXT";"FN_SUB_ERROR_HANDLER";18
"736";"T_ERROR_LOG";"TRACE_TEXT";"T_FN_ERROR_LOG";18
"737";"T_USER_CONSTANTS";"CONSTANT_STRING";"QC_REC";1
"738";"T_USER_CONSTANTS";"CONSTANT_STRING";"QC_RPD";1
"739";"TABLE_AUDIT_LOG";"TRANS_STRING";"F6";6
"740";"TEST_EVENTS";"FORMULA";"ET_TEST_ASSIGN_PREP_TEST";2
"741";"TEST_EVENTS";"FORMULA";"ET_TEST_ASSIGN_QC_COMPONENTS";2
"742";"USER_DLG_TMP_FLDS";"FORMULA";"F6";1
"743";"USER_DLG_TMP_FLDS";"FORMULA";"FN_MY_LIST_ARRAY";2
"744";"USER_DLG_TMP_FLDS";"FORMULA";"FN_MY_TABLE";19
"745";"USER_DLG_TMP_FLDS";"FORMULA";"FN_MY_TABLE_ARRAY";19
"746";"USER_DLG_TMP_FLDS";"FORMULA";"FN_USR_DLG_MY_KPI_VALUE";22
"747";"WORKFLOW_DETAIL";"LAYOUT_PARAMETERS";"AS_LOGIN";1
"748";"WORKFLOW_DETAIL";"LAYOUT_PARAMETERS";"FN_ANALYSIS_DATE_TABLE";1
"749";"WORKFLOW_DETAIL";"LAYOUT_PARAMETERS";"FN_KPI_GAUGE";4
"750";"WORKFLOW_DETAIL";"LAYOUT_PARAMETERS";"FN_KPI_TABLE";1
"751";"WORKFLOW_DETAIL";"LAYOUT_PARAMETERS";"FN_MY_TABLE";8
"752";"WORKFLOW_DETAIL";"LAYOUT_PARAMETERS";"FN_MY_VISUAL_WORKFLOW";18
"753";"WORKFLOW_DETAIL";"LAYOUT_PARAMETERS";"FN_VW_GET_CONSTANTS";19
"754";"WORKFLOW_DETAIL";"LAYOUT_PARAMETERS";"VW_CUST_MAIN";2
"755";"WORKFLOW_DETAIL";"LAYOUT_PARAMETERS";"VW_CUST_RESULTS";1
"756";"WORKFLOW_DETAIL";"LAYOUT_PARAMETERS";"VW_CUST_WEB_MAINTENANCE";1
"757";"WORKFLOW_DETAIL";"LAYOUT_PARAMETERS";"VW_DASHBOARD";7
"758";"WORKFLOW_DETAIL";"LAYOUT_PARAMETERS";"VW_USER_INFORMATION";12
"759";"WORKFLOW_DETAIL";"LAYOUT_PARAMETERS";"VWF_CALENDAR_DATE";2
"760";"WORKFLOW_DETAIL";"LAYOUT_PARAMETERS";"VWF_CHANGES";1
"761";"WORKFLOW_DETAIL";"LAYOUT_PARAMETERS";"VWF_ELEMENTS";1
"762";"WORKFLOW_DETAIL";"LAYOUT_PARAMETERS";"VWF_FOLDER_SUMMARY";1
"763";"WORKFLOW_DETAIL";"LAYOUT_PARAMETERS";"VWF_MY_WORKFLOWS";1
"764";"WORKFLOW_DETAIL";"LAYOUT_PARAMETERS";"VWF_PREFERENCES";1
"765";"WORKFLOW_DETAIL";"LAYOUT_PARAMETERS";"VWF_TITLE";2
"766";"WORKFLOW_DETAIL";"LAYOUT_PARAMETERS";"VWF_USER_INFORMATION";1
