"";"SAMPLE_NAME";"SAMPLE_NUMBER";"TEXT_ID";"ANALYSIS";"NAME";"BATCH";"ENTRY";"C_DATE_BATCHRUN";"ENTERED_ON";"Nr";"CV"
"1";"IC_ANION_HOOG_RF";212174;"RF_AN_01-2441";"IC_ANIONEN";"PO4";"IC_AN-190329-1";3,7086;2019-03-29;2019-04-04 13:07:05;1;0
"2";"IC_ANION_HOOG_RF";212174;"RF_AN_01-2441";"IC_ANIONEN";"SO4";"IC_AN-190329-1";9,3173;2019-03-29;2019-04-04 13:07:04;1;0
"3";"IC_ANION_HOOG_RF";212179;"RF_AN_01-2442";"IC_ANIONEN";"PO4";"IC_AN-190329-1";4,0841;2019-03-29;2019-04-04 13:09:52;2;0
"4";"IC_ANION_HOOG_RF";212179;"RF_AN_01-2442";"IC_ANIONEN";"SO4";"IC_AN-190329-1";10,1319;2019-03-29;2019-04-04 13:09:52;2;0
"5";"IC_ANION_HOOG_RF";212485;"RF_AN_01-2452";"IC_ANIONEN";"PO4";"IC_AN-190402-1";4,1286;2019-04-02;2019-04-04 12:58:33;3;0
"6";"IC_ANION_HOOG_RF";212485;"RF_AN_01-2452";"IC_ANIONEN";"SO4";"IC_AN-190402-1";10,9639;2019-04-02;2019-04-04 12:58:32;3;0
"7";"IC_ANION_HOOG_RF";212492;"RF_AN_01-2453";"IC_ANIONEN";"PO4";"IC_AN-190402-1";3,9441;2019-04-02;2019-04-04 13:00:46;4;0
"8";"IC_ANION_HOOG_RF";212492;"RF_AN_01-2453";"IC_ANIONEN";"SO4";"IC_AN-190402-1";10,6776;2019-04-02;2019-04-04 13:00:46;4;0
"9";"IC_ANION_HOOG_RF";212497;"RF_AN_01-2454";"IC_ANIONEN";"PO4";"IC_AN-190402-1";3,8756;2019-04-02;2019-04-04 13:03:21;5;0
"10";"IC_ANION_HOOG_RF";212497;"RF_AN_01-2454";"IC_ANIONEN";"SO4";"IC_AN-190402-1";10,5846;2019-04-02;2019-04-04 13:03:20;5;0
"11";"IC_ANION_HOOG_RF";212650;"RF_AN_01-2464";"IC_ANIONEN";"PO4";"IC_AN-190404-1";3,9774;2019-04-04;2019-04-08 12:20:05;6;0
"12";"IC_ANION_HOOG_RF";212650;"RF_AN_01-2464";"IC_ANIONEN";"SO4";"IC_AN-190404-1";10,7694;2019-04-04;2019-04-08 12:20:05;6;0
"13";"IC_ANION_HOOG_RF";212657;"RF_AN_01-2465";"IC_ANIONEN";"PO4";"IC_AN-190404-1";4,0124;2019-04-04;2019-04-08 12:22:11;7;0
"14";"IC_ANION_HOOG_RF";212657;"RF_AN_01-2465";"IC_ANIONEN";"SO4";"IC_AN-190404-1";10,884;2019-04-04;2019-04-08 12:22:11;7;0
"15";"IC_ANION_HOOG_RF";212662;"RF_AN_01-2466";"IC_ANIONEN";"PO4";"IC_AN-190404-1";4,0255;2019-04-04;2019-04-08 12:23:20;8;0
"16";"IC_ANION_HOOG_RF";212662;"RF_AN_01-2466";"IC_ANIONEN";"SO4";"IC_AN-190404-1";10,9358;2019-04-04;2019-04-08 12:23:20;8;0
"17";"IC_ANION_HOOG_RF";213135;"RF_AN_01-2476";"IC_ANIONEN";"PO4";"IC_AN-190409-1";3,8601;2019-04-09;2019-04-10 07:20:14;9;0
"18";"IC_ANION_HOOG_RF";213135;"RF_AN_01-2476";"IC_ANIONEN";"SO4";"IC_AN-190409-1";9,3957;2019-04-09;2019-04-10 07:20:14;9;0
"19";"IC_ANION_HOOG_RF";213142;"RF_AN_01-2477";"IC_ANIONEN";"PO4";"IC_AN-190409-1";4,0405;2019-04-09;2019-04-10 07:22:34;10;0
"20";"IC_ANION_HOOG_RF";213142;"RF_AN_01-2477";"IC_ANIONEN";"SO4";"IC_AN-190409-1";10,0378;2019-04-09;2019-04-10 07:22:34;10;0
"21";"IC_ANION_HOOG_RF";213443;"RF_AN_01-2488";"IC_ANIONEN";"PO4";"IC_AN-190412-1";4,1434;2019-04-12;2019-04-16 10:51:42;11;0
"22";"IC_ANION_HOOG_RF";213443;"RF_AN_01-2488";"IC_ANIONEN";"SO4";"IC_AN-190412-1";10,2244;2019-04-12;2019-04-16 10:51:42;11;0
"23";"IC_ANION_HOOG_RF";213450;"RF_AN_01-2489";"IC_ANIONEN";"PO4";"IC_AN-190412-1";3,998;2019-04-12;2019-04-16 11:42:21;12;0
"24";"IC_ANION_HOOG_RF";213450;"RF_AN_01-2489";"IC_ANIONEN";"SO4";"IC_AN-190412-1";10,0449;2019-04-12;2019-04-16 11:42:21;12;0
"25";"IC_ANION_HOOG_RF";213455;"RF_AN_01-2490";"IC_ANIONEN";"PO4";"IC_AN-190412-1";3,8478;2019-04-12;2019-04-16 11:43:44;13;0
"26";"IC_ANION_HOOG_RF";213455;"RF_AN_01-2490";"IC_ANIONEN";"SO4";"IC_AN-190412-1";10,0859;2019-04-12;2019-04-16 11:43:44;13;0
"27";"IC_ANION_HOOG_RF";213811;"RF_AN_01-2502";"IC_ANIONEN";"PO4";"IC_AN-190417-1";3,9236;2019-04-17;2019-04-29 07:31:22;14;0
"28";"IC_ANION_HOOG_RF";213811;"RF_AN_01-2502";"IC_ANIONEN";"SO4";"IC_AN-190417-1";9,4384;2019-04-17;2019-04-29 07:31:22;14;0
"29";"IC_ANION_HOOG_RF";213799;"RF_AN_01-2500";"IC_ANIONEN";"PO4";"IC_AN-190417-1";3,9587;2019-04-17;2019-04-29 07:31:37;15;0
"30";"IC_ANION_HOOG_RF";213799;"RF_AN_01-2500";"IC_ANIONEN";"SO4";"IC_AN-190417-1";9,5142;2019-04-17;2019-04-29 07:31:37;15;0
"31";"IC_ANION_HOOG_RF";213806;"RF_AN_01-2501";"IC_ANIONEN";"PO4";"IC_AN-190417-1";3,9553;2019-04-17;2019-04-29 07:34:19;16;0
"32";"IC_ANION_HOOG_RF";213806;"RF_AN_01-2501";"IC_ANIONEN";"SO4";"IC_AN-190417-1";9,8235;2019-04-17;2019-04-29 07:34:18;16;0
"33";"IC_ANION_HOOG_RF";214189;"RF_AN_01-2512";"IC_ANIONEN";"PO4";"IC_AN-190424-1";4,1354;2019-04-24;2019-05-03 09:20:20;17;0
"34";"IC_ANION_HOOG_RF";214189;"RF_AN_01-2512";"IC_ANIONEN";"SO4";"IC_AN-190424-1";10,1727;2019-04-24;2019-05-03 09:20:20;17;0
"35";"IC_ANION_HOOG_RF";214196;"RF_AN_01-2513";"IC_ANIONEN";"PO4";"IC_AN-190424-1";4,0141;2019-04-24;2019-05-03 09:22:34;18;0
"36";"IC_ANION_HOOG_RF";214196;"RF_AN_01-2513";"IC_ANIONEN";"SO4";"IC_AN-190424-1";10,2938;2019-04-24;2019-05-03 09:22:34;18;0
"37";"IC_ANION_HOOG_RF";214201;"RF_AN_01-2514";"IC_ANIONEN";"PO4";"IC_AN-190424-1";3,6574;2019-04-24;2019-05-09 14:21:27;19;0
"38";"IC_ANION_HOOG_RF";214201;"RF_AN_01-2514";"IC_ANIONEN";"SO4";"IC_AN-190424-1";9,4999;2019-04-24;2019-05-03 09:26:21;19;0
"39";"IC_ANION_HOOG_RF";214206;"RF_AN_01-2515";"IC_ANIONEN";"PO4";"IC_AN-190424-1";3,8038;2019-04-24;2019-05-09 14:23:20;20;0
"40";"IC_ANION_HOOG_RF";214206;"RF_AN_01-2515";"IC_ANIONEN";"SO4";"IC_AN-190424-1";10,2883;2019-04-24;2019-05-09 14:23:20;20;0
"41";"IC_ANION_HOOG_RF";214211;"RF_AN_01-2516";"IC_ANIONEN";"PO4";"IC_AN-190424-1";3,613;2019-04-24;2019-05-09 14:25:29;21;0
"42";"IC_ANION_HOOG_RF";214211;"RF_AN_01-2516";"IC_ANIONEN";"SO4";"IC_AN-190424-1";9,9188;2019-04-24;2019-05-09 14:25:29;21;0
"43";"IC_ANION_HOOG_RF";214988;"RF_AN_01-2531";"IC_ANIONEN";"PO4";"IC_AN-190430-1";4,0682;2019-04-30;2019-05-09 10:20:11;22;0
"44";"IC_ANION_HOOG_RF";214988;"RF_AN_01-2531";"IC_ANIONEN";"SO4";"IC_AN-190430-1";10,2339;2019-04-30;2019-05-09 10:20:11;22;0
"45";"IC_ANION_HOOG_RF";214995;"RF_AN_01-2532";"IC_ANIONEN";"PO4";"IC_AN-190430-1";4,245885;2019-04-30;2019-05-09 10:22:20;23;0
"46";"IC_ANION_HOOG_RF";214995;"RF_AN_01-2532";"IC_ANIONEN";"SO4";"IC_AN-190430-1";10,2985;2019-04-30;2019-05-09 10:22:20;23;0
"47";"IC_ANION_HOOG_RF";215000;"RF_AN_01-2533";"IC_ANIONEN";"PO4";"IC_AN-190430-1";4,257435;2019-04-30;2019-05-09 10:24:22;24;0
"48";"IC_ANION_HOOG_RF";215000;"RF_AN_01-2533";"IC_ANIONEN";"SO4";"IC_AN-190430-1";10,3621;2019-04-30;2019-05-09 10:24:22;24;0
"49";"IC_ANION_HOOG_RF";215522;"RF_AN_01-2543";"IC_ANIONEN";"PO4";"IC_AN-190507-1";3,9737;2019-05-07;2019-05-09 09:20:10;25;0
"50";"IC_ANION_HOOG_RF";215522;"RF_AN_01-2543";"IC_ANIONEN";"SO4";"IC_AN-190507-1";10,1664;2019-05-07;2019-05-09 09:20:10;25;0
"51";"IC_ANION_HOOG_RF";215529;"RF_AN_01-2544";"IC_ANIONEN";"PO4";"IC_AN-190507-1";3,9924;2019-05-07;2019-05-09 09:24:22;26;0
"52";"IC_ANION_HOOG_RF";215529;"RF_AN_01-2544";"IC_ANIONEN";"SO4";"IC_AN-190507-1";10,2224;2019-05-07;2019-05-09 09:24:21;26;0
"53";"IC_ANION_HOOG_RF";215534;"RF_AN_01-2545";"IC_ANIONEN";"PO4";"IC_AN-190507-1";3,8146;2019-05-07;2019-05-09 09:25:38;27;0
"54";"IC_ANION_HOOG_RF";215534;"RF_AN_01-2545";"IC_ANIONEN";"SO4";"IC_AN-190507-1";9,7503;2019-05-07;2019-05-09 09:25:38;27;0
"55";"IC_ANION_HOOG_RF";215976;"RF_AN_01-2555";"IC_ANIONEN";"PO4";"IC_AN-190510-1";3,8501;2019-05-10;2019-05-13 11:40:01;28;0
"56";"IC_ANION_HOOG_RF";215976;"RF_AN_01-2555";"IC_ANIONEN";"SO4";"IC_AN-190510-1";9,8397;2019-05-10;2019-05-13 11:40:01;28;0
"57";"IC_ANION_HOOG_RF";215983;"RF_AN_01-2556";"IC_ANIONEN";"PO4";"IC_AN-190510-1";3,9747;2019-05-10;2019-05-13 11:41:11;29;0
"58";"IC_ANION_HOOG_RF";215983;"RF_AN_01-2556";"IC_ANIONEN";"SO4";"IC_AN-190510-1";10,1942;2019-05-10;2019-05-13 11:41:11;29;0
"59";"IC_ANION_HOOG_RF";215988;"RF_AN_01-2557";"IC_ANIONEN";"PO4";"IC_AN-190510-1";3,9644;2019-05-10;2019-05-13 11:42:34;30;0
"60";"IC_ANION_HOOG_RF";215988;"RF_AN_01-2557";"IC_ANIONEN";"SO4";"IC_AN-190510-1";10,1947;2019-05-10;2019-05-13 11:42:34;30;0
"61";"IC_ANION_LAAG_RF";212173;"RF_AN_02-2434";"IC_ANIONEN";"PO4";"IC_AN-190329-1";0,3856;2019-03-29;2019-04-04 13:07:01;1;0
"62";"IC_ANION_LAAG_RF";212173;"RF_AN_02-2434";"IC_ANIONEN";"SO4";"IC_AN-190329-1";0,9935;2019-03-29;2019-04-04 13:07:01;1;0
"63";"IC_ANION_LAAG_RF";212178;"RF_AN_02-2435";"IC_ANIONEN";"PO4";"IC_AN-190329-1";0,3674;2019-03-29;2019-04-04 13:09:47;2;0
"64";"IC_ANION_LAAG_RF";212178;"RF_AN_02-2435";"IC_ANIONEN";"SO4";"IC_AN-190329-1";0,9499;2019-03-29;2019-04-04 13:09:47;2;0
"65";"IC_ANION_LAAG_RF";212484;"RF_AN_02-2445";"IC_ANIONEN";"PO4";"IC_AN-190402-1";0,4012;2019-04-02;2019-04-04 12:58:32;3;0
"66";"IC_ANION_LAAG_RF";212484;"RF_AN_02-2445";"IC_ANIONEN";"SO4";"IC_AN-190402-1";1,0571;2019-04-02;2019-04-04 12:58:32;3;0
"67";"IC_ANION_LAAG_RF";212491;"RF_AN_02-2446";"IC_ANIONEN";"PO4";"IC_AN-190402-1";0,3592;2019-04-02;2019-04-04 13:00:45;4;0
"68";"IC_ANION_LAAG_RF";212491;"RF_AN_02-2446";"IC_ANIONEN";"SO4";"IC_AN-190402-1";1,025;2019-04-02;2019-04-04 13:00:44;4;0
"69";"IC_ANION_LAAG_RF";212496;"RF_AN_02-2447";"IC_ANIONEN";"PO4";"IC_AN-190402-1";0,3706;2019-04-02;2019-04-04 13:03:18;5;0
"70";"IC_ANION_LAAG_RF";212496;"RF_AN_02-2447";"IC_ANIONEN";"SO4";"IC_AN-190402-1";1,0485;2019-04-02;2019-04-04 13:03:18;5;0
"71";"IC_ANION_LAAG_RF";212649;"RF_AN_02-2457";"IC_ANIONEN";"PO4";"IC_AN-190404-1";0,3776;2019-04-04;2019-04-08 12:20:04;6;0
"72";"IC_ANION_LAAG_RF";212649;"RF_AN_02-2457";"IC_ANIONEN";"SO4";"IC_AN-190404-1";1,031;2019-04-04;2019-04-08 12:20:04;6;0
"73";"IC_ANION_LAAG_RF";212656;"RF_AN_02-2458";"IC_ANIONEN";"PO4";"IC_AN-190404-1";0,3558;2019-04-04;2019-04-08 12:22:09;7;0
"74";"IC_ANION_LAAG_RF";212656;"RF_AN_02-2458";"IC_ANIONEN";"SO4";"IC_AN-190404-1";1,0013;2019-04-04;2019-04-08 12:22:09;7;0
"75";"IC_ANION_LAAG_RF";212661;"RF_AN_02-2459";"IC_ANIONEN";"PO4";"IC_AN-190404-1";0,3449;2019-04-04;2019-04-08 12:23:18;8;0
"76";"IC_ANION_LAAG_RF";212661;"RF_AN_02-2459";"IC_ANIONEN";"SO4";"IC_AN-190404-1";0,9799;2019-04-04;2019-04-08 12:23:18;8;0
"77";"IC_ANION_LAAG_RF";213134;"RF_AN_02-2469";"IC_ANIONEN";"PO4";"IC_AN-190409-1";0,3929;2019-04-09;2019-04-10 07:20:13;9;0
"78";"IC_ANION_LAAG_RF";213134;"RF_AN_02-2469";"IC_ANIONEN";"SO4";"IC_AN-190409-1";0,9636;2019-04-09;2019-04-10 07:20:13;9;0
"79";"IC_ANION_LAAG_RF";213141;"RF_AN_02-2470";"IC_ANIONEN";"PO4";"IC_AN-190409-1";0,3521;2019-04-09;2019-04-10 07:22:32;10;0
"80";"IC_ANION_LAAG_RF";213141;"RF_AN_02-2470";"IC_ANIONEN";"SO4";"IC_AN-190409-1";0,9285;2019-04-09;2019-04-10 07:22:32;10;0
"81";"IC_ANION_LAAG_RF";213442;"RF_AN_02-2481";"IC_ANIONEN";"PO4";"IC_AN-190412-1";0,3885;2019-04-12;2019-04-16 10:51:41;11;0
"82";"IC_ANION_LAAG_RF";213442;"RF_AN_02-2481";"IC_ANIONEN";"SO4";"IC_AN-190412-1";0,9517;2019-04-12;2019-04-16 10:51:41;11;0
"83";"IC_ANION_LAAG_RF";213449;"RF_AN_02-2482";"IC_ANIONEN";"PO4";"IC_AN-190412-1";0,3545;2019-04-12;2019-04-16 11:42:20;12;0
"84";"IC_ANION_LAAG_RF";213449;"RF_AN_02-2482";"IC_ANIONEN";"SO4";"IC_AN-190412-1";0,9094;2019-04-12;2019-04-16 11:42:20;12;0
"85";"IC_ANION_LAAG_RF";213454;"RF_AN_02-2483";"IC_ANIONEN";"PO4";"IC_AN-190412-1";0,3445;2019-04-12;2019-04-16 11:43:42;13;0
"86";"IC_ANION_LAAG_RF";213454;"RF_AN_02-2483";"IC_ANIONEN";"SO4";"IC_AN-190412-1";0,9557;2019-04-12;2019-04-16 11:43:42;13;0
"87";"IC_ANION_LAAG_RF";213810;"RF_AN_02-2495";"IC_ANIONEN";"PO4";"IC_AN-190417-1";0,3341;2019-04-17;2019-04-29 07:31:21;14;0
"88";"IC_ANION_LAAG_RF";213810;"RF_AN_02-2495";"IC_ANIONEN";"SO4";"IC_AN-190417-1";0,873;2019-04-17;2019-04-29 07:31:20;14;0
"89";"IC_ANION_LAAG_RF";213798;"RF_AN_02-2493";"IC_ANIONEN";"PO4";"IC_AN-190417-1";0,3777;2019-04-17;2019-04-29 07:31:35;15;0
"90";"IC_ANION_LAAG_RF";213798;"RF_AN_02-2493";"IC_ANIONEN";"SO4";"IC_AN-190417-1";0,9567;2019-04-17;2019-04-29 07:31:35;15;0
"91";"IC_ANION_LAAG_RF";213805;"RF_AN_02-2494";"IC_ANIONEN";"PO4";"IC_AN-190417-1";0,3318;2019-04-17;2019-04-29 07:34:16;16;0
"92";"IC_ANION_LAAG_RF";213805;"RF_AN_02-2494";"IC_ANIONEN";"SO4";"IC_AN-190417-1";0,953;2019-04-17;2019-04-29 07:34:16;16;0
"93";"IC_ANION_LAAG_RF";214188;"RF_AN_02-2505";"IC_ANIONEN";"PO4";"IC_AN-190424-1";0,3741;2019-04-24;2019-05-09 14:20:17;17;0
"94";"IC_ANION_LAAG_RF";214188;"RF_AN_02-2505";"IC_ANIONEN";"SO4";"IC_AN-190424-1";0,9186;2019-04-24;2019-05-03 09:20:19;17;0
"95";"IC_ANION_LAAG_RF";214195;"RF_AN_02-2506";"IC_ANIONEN";"PO4";"IC_AN-190424-1";0,3422;2019-04-24;2019-05-09 14:20:42;18;0
"96";"IC_ANION_LAAG_RF";214195;"RF_AN_02-2506";"IC_ANIONEN";"SO4";"IC_AN-190424-1";0,9095;2019-04-24;2019-05-03 09:22:32;18;0
"97";"IC_ANION_LAAG_RF";214200;"RF_AN_02-2507";"IC_ANIONEN";"PO4";"IC_AN-190424-1";0,3095;2019-04-24;2019-05-09 14:21:25;19;0
"98";"IC_ANION_LAAG_RF";214200;"RF_AN_02-2507";"IC_ANIONEN";"SO4";"IC_AN-190424-1";0,8979;2019-04-24;2019-05-03 09:26:19;19;0
"99";"IC_ANION_LAAG_RF";214205;"RF_AN_02-2508";"IC_ANIONEN";"PO4";"IC_AN-190424-1";0,3193;2019-04-24;2019-05-09 14:23:16;20;0
"100";"IC_ANION_LAAG_RF";214205;"RF_AN_02-2508";"IC_ANIONEN";"SO4";"IC_AN-190424-1";0,9395;2019-04-24;2019-05-09 14:23:16;20;0
"101";"IC_ANION_LAAG_RF";214210;"RF_AN_02-2509";"IC_ANIONEN";"PO4";"IC_AN-190424-1";0,2968;2019-04-24;2019-05-09 14:25:25;21;0
"102";"IC_ANION_LAAG_RF";214210;"RF_AN_02-2509";"IC_ANIONEN";"SO4";"IC_AN-190424-1";0,8895;2019-04-24;2019-05-09 14:25:24;21;0
"103";"IC_ANION_LAAG_RF";214987;"RF_AN_02-2524";"IC_ANIONEN";"PO4";"IC_AN-190430-1";0,3868;2019-04-30;2019-05-09 10:20:10;22;0
"104";"IC_ANION_LAAG_RF";214987;"RF_AN_02-2524";"IC_ANIONEN";"SO4";"IC_AN-190430-1";0,9635;2019-04-30;2019-05-09 10:20:10;22;0
"105";"IC_ANION_LAAG_RF";214994;"RF_AN_02-2525";"IC_ANIONEN";"PO4";"IC_AN-190430-1";0,387765;2019-04-30;2019-05-09 10:22:18;23;0
"106";"IC_ANION_LAAG_RF";214994;"RF_AN_02-2525";"IC_ANIONEN";"SO4";"IC_AN-190430-1";0,9757;2019-04-30;2019-05-09 10:22:18;23;0
"107";"IC_ANION_LAAG_RF";214999;"RF_AN_02-2526";"IC_ANIONEN";"PO4";"IC_AN-190430-1";0,35049;2019-04-30;2019-05-09 10:24:20;24;0
"108";"IC_ANION_LAAG_RF";214999;"RF_AN_02-2526";"IC_ANIONEN";"SO4";"IC_AN-190430-1";0,933;2019-04-30;2019-05-09 10:24:20;24;0
"109";"IC_ANION_LAAG_RF";215521;"RF_AN_02-2536";"IC_ANIONEN";"PO4";"IC_AN-190507-1";0,3646;2019-05-07;2019-05-09 09:20:09;25;0
"110";"IC_ANION_LAAG_RF";215521;"RF_AN_02-2536";"IC_ANIONEN";"SO4";"IC_AN-190507-1";0,9808;2019-05-07;2019-05-09 09:20:09;25;0
"111";"IC_ANION_LAAG_RF";215528;"RF_AN_02-2537";"IC_ANIONEN";"PO4";"IC_AN-190507-1";0,3741;2019-05-07;2019-05-09 09:24:20;26;0
"112";"IC_ANION_LAAG_RF";215528;"RF_AN_02-2537";"IC_ANIONEN";"SO4";"IC_AN-190507-1";0,9859;2019-05-07;2019-05-09 09:24:19;26;0
"113";"IC_ANION_LAAG_RF";215533;"RF_AN_02-2538";"IC_ANIONEN";"PO4";"IC_AN-190507-1";0,3838;2019-05-07;2019-05-09 09:25:35;27;0
"114";"IC_ANION_LAAG_RF";215533;"RF_AN_02-2538";"IC_ANIONEN";"SO4";"IC_AN-190507-1";0,9952;2019-05-07;2019-05-09 09:25:35;27;0
"115";"IC_ANION_LAAG_RF";215975;"RF_AN_02-2548";"IC_ANIONEN";"PO4";"IC_AN-190510-1";0,3801;2019-05-10;2019-05-13 11:40:01;28;0
"116";"IC_ANION_LAAG_RF";215975;"RF_AN_02-2548";"IC_ANIONEN";"SO4";"IC_AN-190510-1";0,9514;2019-05-10;2019-05-13 11:40:01;28;0
"117";"IC_ANION_LAAG_RF";215982;"RF_AN_02-2549";"IC_ANIONEN";"PO4";"IC_AN-190510-1";0,3795;2019-05-10;2019-05-13 11:41:10;29;0
"118";"IC_ANION_LAAG_RF";215982;"RF_AN_02-2549";"IC_ANIONEN";"SO4";"IC_AN-190510-1";0,969;2019-05-10;2019-05-13 11:41:10;29;0
"119";"IC_ANION_LAAG_RF";215987;"RF_AN_02-2550";"IC_ANIONEN";"PO4";"IC_AN-190510-1";0,3802;2019-05-10;2019-05-13 11:42:32;30;0
"120";"IC_ANION_LAAG_RF";215987;"RF_AN_02-2550";"IC_ANIONEN";"SO4";"IC_AN-190510-1";0,9936;2019-05-10;2019-05-13 11:42:32;30;0
"121";"IC_BCR408_MRF";200100;"BCR408-1664";"IC_ANIONEN";"PO4";"IC_AN-181217-1";0,9732631579;2018-12-17;2018-12-24 10:35:13;1;0
"122";"IC_BCR408_MRF";200100;"BCR408-1664";"IC_ANIONEN";"SO4";"IC_AN-181217-1";1,4410309278;2018-12-17;2018-12-24 10:35:13;1;0
"123";"IC_BCR408_MRF";200014;"BCR408-1662";"IC_ANIONEN";"PO4";"IC_AN-181214-1";0,9685263158;2018-12-17;2019-01-09 07:47:15;2;0
"124";"IC_BCR408_MRF";200014;"BCR408-1662";"IC_ANIONEN";"SO4";"IC_AN-181214-1";1,3907;2018-12-17;2019-01-09 07:47:15;2;0
"125";"IC_BCR408_MRF";200359;"BCR408-1666";"IC_ANIONEN";"PO4";"IC_AN-181220-1";0,9386170213;2018-12-20;2019-01-16 10:20:20;3;0
"126";"IC_BCR408_MRF";200359;"BCR408-1666";"IC_ANIONEN";"SO4";"IC_AN-181220-1";1,3671;2018-12-20;2019-01-16 10:20:20;3;0
"127";"IC_BCR408_MRF";200684;"BCR408-1668";"IC_ANIONEN";"PO4";"IC_AN-190108-1";0,9526595745;2019-01-08;2019-01-16 10:43:35;4;0
"128";"IC_BCR408_MRF";200684;"BCR408-1668";"IC_ANIONEN";"SO4";"IC_AN-190108-1";1,4164948454;2019-01-08;2019-01-16 10:43:35;4;0
"129";"IC_BCR408_MRF";201525;"BCR408-1670";"IC_ANIONEN";"PO4";"IC_AN-190111-1";0,9303296703;2019-01-11;2019-01-16 10:51:20;5;0
"130";"IC_BCR408_MRF";201525;"BCR408-1670";"IC_ANIONEN";"SO4";"IC_AN-190111-1";1,3724742268;2019-01-11;2019-01-16 10:51:20;5;0
"131";"IC_BCR408_MRF";201651;"BCR408-1672";"IC_ANIONEN";"PO4";"IC_AN-190115-1";1,0087;2019-01-15;2019-01-29 15:20:15;6;0
"132";"IC_BCR408_MRF";201651;"BCR408-1672";"IC_ANIONEN";"SO4";"IC_AN-190115-1";1,4158;2019-01-15;2019-01-29 15:20:15;6;0
"133";"IC_BCR408_MRF";202232;"BCR408-1674";"IC_ANIONEN";"PO4";"IC_AN-190122-1";0,9963;2019-01-22;2019-02-06 12:20:10;7;0
"134";"IC_BCR408_MRF";202232;"BCR408-1674";"IC_ANIONEN";"SO4";"IC_AN-190122-1";1,4128;2019-01-22;2019-02-06 12:20:09;7;0
"135";"IC_BCR408_MRF";203120;"BCR408-1676";"IC_ANIONEN";"PO4";"IC_AN-190125-1";0,955;2019-01-25;2019-02-05 15:20:21;8;0
"136";"IC_BCR408_MRF";203120;"BCR408-1676";"IC_ANIONEN";"SO4";"IC_AN-190125-1";1,4435;2019-01-25;2019-02-05 15:20:20;8;0
"137";"IC_BCR408_MRF";205020;"BCR408-1678";"IC_ANIONEN";"PO4";"IC_AN-190204-1";0,9341489362;2019-02-04;2019-02-08 09:20:08;9;0
"138";"IC_BCR408_MRF";205020;"BCR408-1678";"IC_ANIONEN";"SO4";"IC_AN-190204-1";1,3993;2019-02-04;2019-02-08 09:20:08;9;0
"139";"IC_BCR408_MRF";207791;"BCR408-1680";"IC_ANIONEN";"PO4";"IC_AN-190207-1";1,005;2019-02-07;2019-02-25 09:27:05;10;0
"140";"IC_BCR408_MRF";207791;"BCR408-1680";"IC_ANIONEN";"SO4";"IC_AN-190207-1";1,4227;2019-02-07;2019-02-25 09:27:05;10;0
"141";"IC_BCR408_MRF";208025;"BCR408-1682";"IC_ANIONEN";"PO4";"IC_AN-190211-1";1,009;2019-02-11;2019-02-25 09:48:41;11;0
"142";"IC_BCR408_MRF";208025;"BCR408-1682";"IC_ANIONEN";"SO4";"IC_AN-190211-1";1,486;2019-02-11;2019-02-25 09:48:40;11;0
"143";"IC_BCR408_MRF";208525;"BCR408-1684";"IC_ANIONEN";"PO4";"IC_AN-190218-1";0,9827;2019-02-18;2019-02-26 10:11:54;12;0
"144";"IC_BCR408_MRF";208525;"BCR408-1684";"IC_ANIONEN";"SO4";"IC_AN-190218-1";1,4581;2019-02-18;2019-02-26 10:11:53;12;0
"145";"IC_BCR408_MRF";209380;"BCR408-1686";"IC_ANIONEN";"PO4";"IC_AN-190225-1";0,9752;2019-02-25;2019-03-04 13:10:29;13;0
"146";"IC_BCR408_MRF";209380;"BCR408-1686";"IC_ANIONEN";"SO4";"IC_AN-190225-1";1,4281;2019-02-25;2019-03-04 13:10:29;13;0
"147";"IC_BCR408_MRF";209687;"BCR408-1688";"IC_ANIONEN";"PO4";"IC_AN-190301-1";1,0021505376;2019-03-01;2019-03-11 09:20:13;14;0
"148";"IC_BCR408_MRF";209687;"BCR408-1688";"IC_ANIONEN";"SO4";"IC_AN-190301-1";1,4631;2019-03-01;2019-03-11 09:20:13;14;0
"149";"IC_BCR408_MRF";209787;"BCR408-1690";"IC_ANIONEN";"PO4";"IC_AN-190305-1";1,0016666667;2019-03-05;2019-03-11 09:23:53;15;0
"150";"IC_BCR408_MRF";209787;"BCR408-1690";"IC_ANIONEN";"SO4";"IC_AN-190305-1";1,47;2019-03-05;2019-03-11 09:23:53;15;0
"151";"IC_BCR408_MRF";210602;"BCR408-1692";"IC_ANIONEN";"PO4";"IC_AN-190313-1";1,0117;2019-03-13;2019-03-27 10:29:52;16;0
"152";"IC_BCR408_MRF";210602;"BCR408-1692";"IC_ANIONEN";"SO4";"IC_AN-190313-1";1,498;2019-03-13;2019-03-27 10:29:52;16;0
"153";"IC_BCR408_MRF";211038;"BCR408-1694";"IC_ANIONEN";"PO4";"IC_AN-190318-1";0,946;2019-03-18;2019-03-27 10:34:23;17;0
"154";"IC_BCR408_MRF";211038;"BCR408-1694";"IC_ANIONEN";"SO4";"IC_AN-190318-1";1,3364;2019-03-18;2019-03-27 10:34:23;17;0
"155";"IC_BCR408_MRF";211522;"BCR408-1697";"IC_ANIONEN";"PO4";"IC_AN-190325-1";1,0821;2019-03-25;2019-03-27 10:51:40;18;0
"156";"IC_BCR408_MRF";211522;"BCR408-1697";"IC_ANIONEN";"SO4";"IC_AN-190325-1";1,4686;2019-03-25;2019-03-27 10:51:40;18;0
"157";"IC_BCR408_MRF";211549;"BCR408-1696";"IC_ANIONEN";"PO4";"IC_AN-190325-1";1,0759;2019-03-25;2019-03-27 10:51:54;19;0
"158";"IC_BCR408_MRF";211549;"BCR408-1696";"IC_ANIONEN";"SO4";"IC_AN-190325-1";1,4952;2019-03-25;2019-03-27 10:51:54;19;0
"159";"IC_BCR408_MRF";211686;"BCR408-1700";"IC_ANIONEN";"PO4";"IC_AN-190326-1";1,07;2019-03-26;2019-03-29 07:28:18;20;0
"160";"IC_BCR408_MRF";211686;"BCR408-1700";"IC_ANIONEN";"SO4";"IC_AN-190326-1";1,476;2019-03-26;2019-03-29 07:28:18;20;0
"161";"IC_BCR408_MRF";212170;"BCR408-1702";"IC_ANIONEN";"PO4";"IC_AN-190329-1";1,0369;2019-03-29;2019-04-04 13:04:04;21;0
"162";"IC_BCR408_MRF";212170;"BCR408-1702";"IC_ANIONEN";"SO4";"IC_AN-190329-1";1,4712;2019-03-29;2019-04-04 13:04:04;21;0
"163";"IC_BCR408_MRF";212488;"BCR408-1704";"IC_ANIONEN";"PO4";"IC_AN-190402-1";0,9561;2019-04-02;2019-04-04 12:58:35;22;0
"164";"IC_BCR408_MRF";212488;"BCR408-1704";"IC_ANIONEN";"SO4";"IC_AN-190402-1";1,3374;2019-04-02;2019-04-04 12:58:35;22;0
"165";"IC_BCR408_MRF";212653;"BCR408-1706";"IC_ANIONEN";"PO4";"IC_AN-190404-1";1,0123;2019-04-04;2019-04-08 12:20:08;23;0
"166";"IC_BCR408_MRF";212653;"BCR408-1706";"IC_ANIONEN";"SO4";"IC_AN-190404-1";1,4613;2019-04-04;2019-04-08 12:20:08;23;0
"167";"IC_BCR408_MRF";213138;"BCR408-1708";"IC_ANIONEN";"PO4";"IC_AN-190409-1";1,0244;2019-04-09;2019-04-10 07:20:17;24;0
"168";"IC_BCR408_MRF";213138;"BCR408-1708";"IC_ANIONEN";"SO4";"IC_AN-190409-1";1,4962;2019-04-09;2019-04-10 07:20:17;24;0
"169";"IC_BCR408_MRF";213446;"BCR408-1710";"IC_ANIONEN";"PO4";"IC_AN-190412-1";1,0032;2019-04-12;2019-04-16 10:51:45;25;0
"170";"IC_BCR408_MRF";213446;"BCR408-1710";"IC_ANIONEN";"SO4";"IC_AN-190412-1";1,4938;2019-04-12;2019-04-16 10:51:44;25;0
"171";"IC_BCR408_MRF";213802;"BCR408-1712";"IC_ANIONEN";"PO4";"IC_AN-190417-1";0,978;2019-04-17;2019-04-29 07:31:43;26;0
"172";"IC_BCR408_MRF";213802;"BCR408-1712";"IC_ANIONEN";"SO4";"IC_AN-190417-1";1,4768;2019-04-17;2019-04-29 07:31:43;26;0
"173";"IC_BCR408_MRF";214192;"BCR408-1714";"IC_ANIONEN";"PO4";"IC_AN-190424-1";0,9704;2019-04-24;2019-05-09 14:20:18;27;0
"174";"IC_BCR408_MRF";214192;"BCR408-1714";"IC_ANIONEN";"SO4";"IC_AN-190424-1";1,426;2019-04-24;2019-05-03 09:20:23;27;0
"175";"IC_BCR408_MRF";214991;"BCR408-1718";"IC_ANIONEN";"PO4";"IC_AN-190430-1";1,0565;2019-04-30;2019-05-09 10:20:14;28;0
"176";"IC_BCR408_MRF";214991;"BCR408-1718";"IC_ANIONEN";"SO4";"IC_AN-190430-1";1,556;2019-04-30;2019-05-09 10:20:14;28;0
"177";"IC_BCR408_MRF";215525;"BCR408-1720";"IC_ANIONEN";"PO4";"IC_AN-190507-1";1,045;2019-05-07;2019-05-09 09:20:13;29;0
"178";"IC_BCR408_MRF";215525;"BCR408-1720";"IC_ANIONEN";"SO4";"IC_AN-190507-1";1,5673;2019-05-07;2019-05-09 09:20:12;29;0
"179";"IC_BCR408_MRF";215979;"BCR408-1722";"IC_ANIONEN";"PO4";"IC_AN-190510-1";1,0138;2019-05-10;2019-05-13 09:20:10;30;0
"180";"IC_BCR408_MRF";215979;"BCR408-1722";"IC_ANIONEN";"SO4";"IC_AN-190510-1";1,4775;2019-05-10;2019-05-13 09:20:10;30;0
"181";"IC_BCR616_MRF";200101;"BCR616-1655";"IC_ANIONEN";"PO4";"IC_AN-181217-1";2,1728865979;2018-12-17;2018-12-24 10:35:13;1;0
"182";"IC_BCR616_MRF";200101;"BCR616-1655";"IC_ANIONEN";"SO4";"IC_AN-181217-1";51,1187;2018-12-17;2018-12-24 10:35:13;1;0
"183";"IC_BCR616_MRF";200015;"BCR616-1653";"IC_ANIONEN";"PO4";"IC_AN-181214-1";2,2122105263;2018-12-17;2019-01-09 07:47:20;2;0
"184";"IC_BCR616_MRF";200015;"BCR616-1653";"IC_ANIONEN";"SO4";"IC_AN-181214-1";51,461;2018-12-17;2019-01-09 07:47:20;2;0
"185";"IC_BCR616_MRF";200360;"BCR616-1657";"IC_ANIONEN";"PO4";"IC_AN-181220-1";2,1764893617;2018-12-20;2019-01-16 10:20:21;3;0
"186";"IC_BCR616_MRF";200360;"BCR616-1657";"IC_ANIONEN";"SO4";"IC_AN-181220-1";51,3457;2018-12-20;2019-01-16 10:20:21;3;0
"187";"IC_BCR616_MRF";200685;"BCR616-1659";"IC_ANIONEN";"PO4";"IC_AN-190108-1";2,1915957447;2019-01-08;2019-01-16 10:43:43;4;0
"188";"IC_BCR616_MRF";200685;"BCR616-1659";"IC_ANIONEN";"SO4";"IC_AN-190108-1";51,1732;2019-01-08;2019-01-16 10:43:43;4;0
"189";"IC_BCR616_MRF";201526;"BCR616-1661";"IC_ANIONEN";"PO4";"IC_AN-190111-1";2,2557142857;2019-01-11;2019-01-16 10:51:30;5;0
"190";"IC_BCR616_MRF";201526;"BCR616-1661";"IC_ANIONEN";"SO4";"IC_AN-190111-1";50,9265;2019-01-11;2019-01-16 10:51:30;5;0
"191";"IC_BCR616_MRF";201652;"BCR616-1663";"IC_ANIONEN";"PO4";"IC_AN-190115-1";2,3101;2019-01-15;2019-01-29 15:20:16;6;0
"192";"IC_BCR616_MRF";201652;"BCR616-1663";"IC_ANIONEN";"SO4";"IC_AN-190115-1";51,1676;2019-01-15;2019-01-29 15:20:16;6;0
"193";"IC_BCR616_MRF";202233;"BCR616-1665";"IC_ANIONEN";"PO4";"IC_AN-190122-1";2,2655;2019-01-22;2019-02-06 12:20:11;7;0
"194";"IC_BCR616_MRF";202233;"BCR616-1665";"IC_ANIONEN";"SO4";"IC_AN-190122-1";51,2472;2019-01-22;2019-02-06 12:20:10;7;0
"195";"IC_BCR616_MRF";203121;"BCR616-1667";"IC_ANIONEN";"PO4";"IC_AN-190125-1";2,1847;2019-01-25;2019-02-05 15:20:22;8;0
"196";"IC_BCR616_MRF";203121;"BCR616-1667";"IC_ANIONEN";"SO4";"IC_AN-190125-1";51,4965;2019-01-25;2019-02-05 15:20:21;8;0
"197";"IC_BCR616_MRF";205021;"BCR616-1669";"IC_ANIONEN";"PO4";"IC_AN-190204-1";2,2044680851;2019-02-04;2019-02-08 09:20:09;9;0
"198";"IC_BCR616_MRF";205021;"BCR616-1669";"IC_ANIONEN";"SO4";"IC_AN-190204-1";50,2126;2019-02-04;2019-02-08 09:20:09;9;0
"199";"IC_BCR616_MRF";207792;"BCR616-1671";"IC_ANIONEN";"PO4";"IC_AN-190207-1";2,2794;2019-02-07;2019-02-25 09:27:11;10;0
"200";"IC_BCR616_MRF";207792;"BCR616-1671";"IC_ANIONEN";"SO4";"IC_AN-190207-1";50,4237;2019-02-07;2019-02-25 09:27:11;10;0
"201";"IC_BCR616_MRF";208026;"BCR616-1673";"IC_ANIONEN";"PO4";"IC_AN-190211-1";2,1639;2019-02-11;2019-02-25 09:48:50;11;0
"202";"IC_BCR616_MRF";208026;"BCR616-1673";"IC_ANIONEN";"SO4";"IC_AN-190211-1";51,0751;2019-02-11;2019-02-25 09:48:50;11;0
"203";"IC_BCR616_MRF";208526;"BCR616-1675";"IC_ANIONEN";"SO4";"IC_AN-190218-1";49,425145631;2019-02-18;2019-04-12 06:31:17;12;0
"204";"IC_BCR616_MRF";208526;"BCR616-1675";"IC_ANIONEN";"PO4";"IC_AN-190218-1";2,103;2019-02-18;2019-02-26 10:11:55;12;0
"205";"IC_BCR616_MRF";209381;"BCR616-1677";"IC_ANIONEN";"SO4";"IC_AN-190225-1";50,528640777;2019-02-25;2019-04-12 06:37:27;13;0
"206";"IC_BCR616_MRF";209381;"BCR616-1677";"IC_ANIONEN";"PO4";"IC_AN-190225-1";2,1571;2019-02-25;2019-03-04 13:10:30;13;0
"207";"IC_BCR616_MRF";209688;"BCR616-1679";"IC_ANIONEN";"PO4";"IC_AN-190301-1";2,1208;2019-03-01;2019-03-11 09:20:14;14;0
"208";"IC_BCR616_MRF";209688;"BCR616-1679";"IC_ANIONEN";"SO4";"IC_AN-190301-1";52,9016;2019-03-01;2019-03-11 09:20:14;14;0
"209";"IC_BCR616_MRF";210277;"BCR616-1683";"IC_ANIONEN";"PO4";"IC_AN-190301-1";2,0995;2019-03-01;2019-03-11 09:20:15;15;0
"210";"IC_BCR616_MRF";210277;"BCR616-1683";"IC_ANIONEN";"SO4";"IC_AN-190301-1";51,2392;2019-03-01;2019-03-11 09:20:15;15;0
"211";"IC_BCR616_MRF";209788;"BCR616-1681";"IC_ANIONEN";"PO4";"IC_AN-190305-1";2,0802;2019-03-05;2019-03-11 09:23:56;16;0
"212";"IC_BCR616_MRF";209788;"BCR616-1681";"IC_ANIONEN";"SO4";"IC_AN-190305-1";52,0474;2019-03-05;2019-03-11 09:23:56;16;0
"213";"IC_BCR616_MRF";210603;"BCR616-1685";"IC_ANIONEN";"PO4";"IC_AN-190313-1";2,3149;2019-03-13;2019-03-27 10:29:53;17;0
"214";"IC_BCR616_MRF";210603;"BCR616-1685";"IC_ANIONEN";"SO4";"IC_AN-190313-1";51,4106;2019-03-13;2019-03-27 10:29:53;17;0
"215";"IC_BCR616_MRF";211039;"BCR616-1687";"IC_ANIONEN";"PO4";"IC_AN-190318-1";2,3136;2019-03-18;2019-03-27 10:34:25;18;0
"216";"IC_BCR616_MRF";211039;"BCR616-1687";"IC_ANIONEN";"SO4";"IC_AN-190318-1";51,6898;2019-03-18;2019-03-27 10:34:25;18;0
"217";"IC_BCR616_MRF";211523;"BCR616-1689";"IC_ANIONEN";"PO4";"IC_AN-190325-1";2,4177;2019-03-25;2019-03-27 10:51:47;19;0
"218";"IC_BCR616_MRF";211523;"BCR616-1689";"IC_ANIONEN";"SO4";"IC_AN-190325-1";51,5351;2019-03-25;2019-03-27 10:51:47;19;0
"219";"IC_BCR616_MRF";211687;"BCR616-1691";"IC_ANIONEN";"PO4";"IC_AN-190326-1";2,3819;2019-03-26;2019-03-29 07:28:23;20;0
"220";"IC_BCR616_MRF";211687;"BCR616-1691";"IC_ANIONEN";"SO4";"IC_AN-190326-1";50,9626;2019-03-26;2019-03-29 07:28:23;20;0
"221";"IC_BCR616_MRF";212171;"BCR616-1693";"IC_ANIONEN";"PO4";"IC_AN-190329-1";2,347;2019-03-29;2019-04-04 13:04:07;21;0
"222";"IC_BCR616_MRF";212171;"BCR616-1693";"IC_ANIONEN";"SO4";"IC_AN-190329-1";51,4794;2019-03-29;2019-04-04 13:04:07;21;0
"223";"IC_BCR616_MRF";212489;"BCR616-1695";"IC_ANIONEN";"PO4";"IC_AN-190402-1";2,344;2019-04-02;2019-04-04 12:58:36;22;0
"224";"IC_BCR616_MRF";212489;"BCR616-1695";"IC_ANIONEN";"SO4";"IC_AN-190402-1";50,9715;2019-04-02;2019-04-04 12:58:36;22;0
"225";"IC_BCR616_MRF";212654;"BCR616-1697";"IC_ANIONEN";"PO4";"IC_AN-190404-1";2,3158;2019-04-04;2019-04-08 12:20:09;23;0
"226";"IC_BCR616_MRF";212654;"BCR616-1697";"IC_ANIONEN";"SO4";"IC_AN-190404-1";51,8267;2019-04-04;2019-04-08 12:20:09;23;0
"227";"IC_BCR616_MRF";213139;"BCR616-1699";"IC_ANIONEN";"PO4";"IC_AN-190409-1";2,3359;2019-04-09;2019-04-10 07:20:18;24;0
"228";"IC_BCR616_MRF";213139;"BCR616-1699";"IC_ANIONEN";"SO4";"IC_AN-190409-1";51,3138;2019-04-09;2019-04-10 07:20:18;24;0
"229";"IC_BCR616_MRF";213447;"BCR616-1701";"IC_ANIONEN";"PO4";"IC_AN-190412-1";2,2449;2019-04-12;2019-04-16 10:51:45;25;0
"230";"IC_BCR616_MRF";213447;"BCR616-1701";"IC_ANIONEN";"SO4";"IC_AN-190412-1";50,6535;2019-04-12;2019-04-16 10:51:45;25;0
"231";"IC_BCR616_MRF";213803;"BCR616-1703";"IC_ANIONEN";"PO4";"IC_AN-190417-1";2,274;2019-04-17;2019-04-29 07:31:45;26;0
"232";"IC_BCR616_MRF";213803;"BCR616-1703";"IC_ANIONEN";"SO4";"IC_AN-190417-1";53,0585;2019-04-17;2019-04-29 07:31:45;26;0
"233";"IC_BCR616_MRF";214193;"BCR616-1705";"IC_ANIONEN";"PO4";"IC_AN-190424-1";2,213;2019-04-24;2019-05-03 09:20:24;27;0
"234";"IC_BCR616_MRF";214193;"BCR616-1705";"IC_ANIONEN";"SO4";"IC_AN-190424-1";51,1183;2019-04-24;2019-05-03 09:20:23;27;0
"235";"IC_BCR616_MRF";214992;"BCR616-1709";"IC_ANIONEN";"PO4";"IC_AN-190430-1";2,3488;2019-04-30;2019-05-09 10:20:15;28;0
"236";"IC_BCR616_MRF";214992;"BCR616-1709";"IC_ANIONEN";"SO4";"IC_AN-190430-1";52,0434;2019-04-30;2019-05-09 10:20:15;28;0
"237";"IC_BCR616_MRF";215526;"BCR616-1711";"IC_ANIONEN";"PO4";"IC_AN-190507-1";2,2928;2019-05-07;2019-05-09 09:20:14;29;0
"238";"IC_BCR616_MRF";215526;"BCR616-1711";"IC_ANIONEN";"SO4";"IC_AN-190507-1";51,9906;2019-05-07;2019-05-09 09:20:13;29;0
"239";"IC_BCR616_MRF";215980;"BCR616-1713";"IC_ANIONEN";"PO4";"IC_AN-190510-1";2,3225;2019-05-10;2019-05-13 09:20:11;30;0
"240";"IC_BCR616_MRF";215980;"BCR616-1713";"IC_ANIONEN";"SO4";"IC_AN-190510-1";51,662;2019-05-10;2019-05-13 09:20:11;30;0
"241";"IC_KATION_HOOG_RF";212176;"RF_KAT_01-2384";"IC_ANIONEN";"PO4";"IC_AN-190329-1";0,0134;2019-03-29;2019-04-04 13:07:12;1;NA
"242";"IC_KATION_HOOG_RF";212176;"RF_KAT_01-2384";"IC_ANIONEN";"SO4";"IC_AN-190329-1";0,0875;2019-03-29;2019-04-04 13:07:12;1;NA
"243";"IC_KATION_HOOG_RF";212181;"RF_KAT_01-2385";"IC_ANIONEN";"PO4";"IC_AN-190329-1";0,0127;2019-03-29;2019-04-04 13:10:00;2;NA
"244";"IC_KATION_HOOG_RF";212181;"RF_KAT_01-2385";"IC_ANIONEN";"SO4";"IC_AN-190329-1";0,1007;2019-03-29;2019-04-04 13:10:00;2;NA
"245";"IC_KATION_HOOG_RF";212487;"RF_KAT_01-2395";"IC_ANIONEN";"PO4";"IC_AN-190402-1";0,0338;2019-04-02;2019-04-04 12:58:34;3;NA
"246";"IC_KATION_HOOG_RF";212487;"RF_KAT_01-2395";"IC_ANIONEN";"SO4";"IC_AN-190402-1";0,0961;2019-04-02;2019-04-04 12:58:34;3;NA
"247";"IC_KATION_HOOG_RF";212494;"RF_KAT_01-2396";"IC_ANIONEN";"PO4";"IC_AN-190402-1";0,0241;2019-04-02;2019-04-04 13:00:49;4;NA
"248";"IC_KATION_HOOG_RF";212494;"RF_KAT_01-2396";"IC_ANIONEN";"SO4";"IC_AN-190402-1";0,0761;2019-04-02;2019-04-04 13:00:49;4;NA
"249";"IC_KATION_HOOG_RF";212499;"RF_KAT_01-2397";"IC_ANIONEN";"PO4";"IC_AN-190402-1";0,0187;2019-04-02;2019-04-04 13:03:25;5;NA
"250";"IC_KATION_HOOG_RF";212499;"RF_KAT_01-2397";"IC_ANIONEN";"SO4";"IC_AN-190402-1";0,0769;2019-04-02;2019-04-04 13:03:25;5;NA
"251";"IC_KATION_HOOG_RF";212652;"RF_KAT_01-2407";"IC_ANIONEN";"PO4";"IC_AN-190404-1";0,0239;2019-04-04;2019-04-08 12:20:07;6;NA
"252";"IC_KATION_HOOG_RF";212652;"RF_KAT_01-2407";"IC_ANIONEN";"SO4";"IC_AN-190404-1";0,0765;2019-04-04;2019-04-08 12:20:07;6;NA
"253";"IC_KATION_HOOG_RF";212659;"RF_KAT_01-2408";"IC_ANIONEN";"PO4";"IC_AN-190404-1";0,0123;2019-04-04;2019-04-08 12:22:15;7;NA
"254";"IC_KATION_HOOG_RF";212659;"RF_KAT_01-2408";"IC_ANIONEN";"SO4";"IC_AN-190404-1";0,0991;2019-04-04;2019-04-08 12:22:15;7;NA
"255";"IC_KATION_HOOG_RF";212664;"RF_KAT_01-2409";"IC_ANIONEN";"PO4";"IC_AN-190404-1";0,0123;2019-04-04;2019-04-08 12:23:25;8;NA
"256";"IC_KATION_HOOG_RF";212664;"RF_KAT_01-2409";"IC_ANIONEN";"SO4";"IC_AN-190404-1";0,0877;2019-04-04;2019-04-08 12:23:25;8;NA
"257";"IC_KATION_HOOG_RF";213137;"RF_KAT_01-2419";"IC_ANIONEN";"PO4";"IC_AN-190409-1";0,0281;2019-04-09;2019-04-10 07:20:16;9;NA
"258";"IC_KATION_HOOG_RF";213137;"RF_KAT_01-2419";"IC_ANIONEN";"SO4";"IC_AN-190409-1";0,0927;2019-04-09;2019-04-10 07:20:16;9;NA
"259";"IC_KATION_HOOG_RF";213144;"RF_KAT_01-2420";"IC_ANIONEN";"PO4";"IC_AN-190409-1";0,0214;2019-04-09;2019-04-10 07:22:37;10;NA
"260";"IC_KATION_HOOG_RF";213144;"RF_KAT_01-2420";"IC_ANIONEN";"SO4";"IC_AN-190409-1";0,0885;2019-04-09;2019-04-10 07:22:37;10;NA
"261";"IC_KATION_HOOG_RF";213445;"RF_KAT_01-2431";"IC_ANIONEN";"PO4";"IC_AN-190412-1";0,0258;2019-04-12;2019-04-16 10:51:44;11;NA
"262";"IC_KATION_HOOG_RF";213445;"RF_KAT_01-2431";"IC_ANIONEN";"SO4";"IC_AN-190412-1";0,1094;2019-04-12;2019-04-16 10:51:44;11;NA
"263";"IC_KATION_HOOG_RF";213452;"RF_KAT_01-2432";"IC_ANIONEN";"PO4";"IC_AN-190412-1";0,0143;2019-04-12;2019-04-16 11:42:24;12;NA
"264";"IC_KATION_HOOG_RF";213452;"RF_KAT_01-2432";"IC_ANIONEN";"SO4";"IC_AN-190412-1";0,0819;2019-04-12;2019-04-16 11:42:24;12;NA
"265";"IC_KATION_HOOG_RF";213457;"RF_KAT_01-2433";"IC_ANIONEN";"PO4";"IC_AN-190412-1";0;2019-04-12;2019-04-16 11:43:48;13;NA
"266";"IC_KATION_HOOG_RF";213457;"RF_KAT_01-2433";"IC_ANIONEN";"SO4";"IC_AN-190412-1";0,0725;2019-04-12;2019-04-16 11:43:47;13;NA
"267";"IC_KATION_HOOG_RF";213813;"RF_KAT_01-2445";"IC_ANIONEN";"PO4";"IC_AN-190417-1";0,0075;2019-04-17;2019-04-29 07:31:26;14;NA
"268";"IC_KATION_HOOG_RF";213813;"RF_KAT_01-2445";"IC_ANIONEN";"SO4";"IC_AN-190417-1";0,06;2019-04-17;2019-04-29 07:31:26;14;NA
"269";"IC_KATION_HOOG_RF";213801;"RF_KAT_01-2443";"IC_ANIONEN";"PO4";"IC_AN-190417-1";0,0207;2019-04-17;2019-04-29 07:31:41;15;NA
"270";"IC_KATION_HOOG_RF";213801;"RF_KAT_01-2443";"IC_ANIONEN";"SO4";"IC_AN-190417-1";0,0541;2019-04-17;2019-04-29 07:31:41;15;NA
"271";"IC_KATION_HOOG_RF";213808;"RF_KAT_01-2444";"IC_ANIONEN";"PO4";"IC_AN-190417-1";0,0132;2019-04-17;2019-04-29 07:34:24;16;NA
"272";"IC_KATION_HOOG_RF";213808;"RF_KAT_01-2444";"IC_ANIONEN";"SO4";"IC_AN-190417-1";0,0325;2019-04-17;2019-04-29 07:34:24;16;NA
"273";"IC_KATION_HOOG_RF";214191;"RF_KAT_01-2455";"IC_ANIONEN";"PO4";"IC_AN-190424-1";0,0114;2019-04-24;2019-05-09 14:20:17;17;NA
"274";"IC_KATION_HOOG_RF";214191;"RF_KAT_01-2455";"IC_ANIONEN";"SO4";"IC_AN-190424-1";0,0629;2019-04-24;2019-05-03 09:20:22;17;NA
"275";"IC_KATION_HOOG_RF";214198;"RF_KAT_01-2456";"IC_ANIONEN";"PO4";"IC_AN-190424-1";0,0029;2019-04-24;2019-05-09 14:20:45;18;NA
"276";"IC_KATION_HOOG_RF";214198;"RF_KAT_01-2456";"IC_ANIONEN";"SO4";"IC_AN-190424-1";0,0564;2019-04-24;2019-05-03 09:22:37;18;NA
"277";"IC_KATION_HOOG_RF";214203;"RF_KAT_01-2457";"IC_ANIONEN";"PO4";"IC_AN-190424-1";-0,0029;2019-04-24;2019-05-09 14:21:31;19;NA
"278";"IC_KATION_HOOG_RF";214203;"RF_KAT_01-2457";"IC_ANIONEN";"SO4";"IC_AN-190424-1";0,0688;2019-04-24;2019-05-03 09:26:27;19;NA
"279";"IC_KATION_HOOG_RF";214208;"RF_KAT_01-2458";"IC_ANIONEN";"PO4";"IC_AN-190424-1";0;2019-04-24;2019-05-09 14:23:27;20;NA
"280";"IC_KATION_HOOG_RF";214208;"RF_KAT_01-2458";"IC_ANIONEN";"SO4";"IC_AN-190424-1";0,0555;2019-04-24;2019-05-09 14:23:27;20;NA
"281";"IC_KATION_HOOG_RF";214213;"RF_KAT_01-2459";"IC_ANIONEN";"PO4";"IC_AN-190424-1";0;2019-04-24;2019-05-09 14:25:38;21;NA
"282";"IC_KATION_HOOG_RF";214213;"RF_KAT_01-2459";"IC_ANIONEN";"SO4";"IC_AN-190424-1";0,0444;2019-04-24;2019-05-09 14:25:38;21;NA
"283";"IC_KATION_HOOG_RF";214990;"RF_KAT_01-2467";"IC_ANIONEN";"PO4";"IC_AN-190430-1";-0,0035;2019-04-30;2019-05-09 10:20:13;22;NA
"284";"IC_KATION_HOOG_RF";214990;"RF_KAT_01-2467";"IC_ANIONEN";"SO4";"IC_AN-190430-1";0,0324;2019-04-30;2019-05-09 10:20:13;22;NA
"285";"IC_KATION_HOOG_RF";214997;"RF_KAT_01-2468";"IC_ANIONEN";"PO4";"IC_AN-190430-1";-0,007245;2019-04-30;2019-05-09 10:22:23;23;NA
"286";"IC_KATION_HOOG_RF";214997;"RF_KAT_01-2468";"IC_ANIONEN";"SO4";"IC_AN-190430-1";0,0281;2019-04-30;2019-05-09 10:22:23;23;NA
"287";"IC_KATION_HOOG_RF";215002;"RF_KAT_01-2469";"IC_ANIONEN";"PO4";"IC_AN-190430-1";-0,0071;2019-04-30;2019-05-09 10:24:26;24;NA
"288";"IC_KATION_HOOG_RF";215002;"RF_KAT_01-2469";"IC_ANIONEN";"SO4";"IC_AN-190430-1";0,0283;2019-04-30;2019-05-09 10:24:26;24;NA
"289";"IC_KATION_HOOG_RF";215524;"RF_KAT_01-2479";"IC_ANIONEN";"PO4";"IC_AN-190507-1";0,008;2019-05-07;2019-05-09 09:20:12;25;NA
"290";"IC_KATION_HOOG_RF";215524;"RF_KAT_01-2479";"IC_ANIONEN";"SO4";"IC_AN-190507-1";0,06;2019-05-07;2019-05-09 09:20:11;25;NA
"291";"IC_KATION_HOOG_RF";215531;"RF_KAT_01-2480";"IC_ANIONEN";"PO4";"IC_AN-190507-1";-0,0043;2019-05-07;2019-05-09 09:24:26;26;NA
"292";"IC_KATION_HOOG_RF";215531;"RF_KAT_01-2480";"IC_ANIONEN";"SO4";"IC_AN-190507-1";0,0392;2019-05-07;2019-05-09 09:24:26;26;NA
"293";"IC_KATION_HOOG_RF";215536;"RF_KAT_01-2481";"IC_ANIONEN";"PO4";"IC_AN-190507-1";-0,0086;2019-05-07;2019-05-09 09:25:43;27;NA
"294";"IC_KATION_HOOG_RF";215536;"RF_KAT_01-2481";"IC_ANIONEN";"SO4";"IC_AN-190507-1";0,0522;2019-05-07;2019-05-09 09:25:43;27;NA
"295";"IC_KATION_HOOG_RF";215978;"RF_KAT_01-2491";"IC_ANIONEN";"PO4";"IC_AN-190510-1";0,001;2019-05-10;2019-05-13 11:40:03;28;NA
"296";"IC_KATION_HOOG_RF";215978;"RF_KAT_01-2491";"IC_ANIONEN";"SO4";"IC_AN-190510-1";0,0747;2019-05-10;2019-05-13 11:40:03;28;NA
"297";"IC_KATION_HOOG_RF";215985;"RF_KAT_01-2492";"IC_ANIONEN";"PO4";"IC_AN-190510-1";-0,007;2019-05-10;2019-05-13 11:41:14;29;NA
"298";"IC_KATION_HOOG_RF";215985;"RF_KAT_01-2492";"IC_ANIONEN";"SO4";"IC_AN-190510-1";0,0725;2019-05-10;2019-05-13 11:41:14;29;NA
"299";"IC_KATION_HOOG_RF";215990;"RF_KAT_01-2493";"IC_ANIONEN";"PO4";"IC_AN-190510-1";-0,0076;2019-05-10;2019-05-13 11:42:37;30;NA
"300";"IC_KATION_HOOG_RF";215990;"RF_KAT_01-2493";"IC_ANIONEN";"SO4";"IC_AN-190510-1";0,0526;2019-05-10;2019-05-13 11:42:37;30;NA
"301";"IC_KATION_LAAG_RF";212175;"RF_KAT_02-2384";"IC_ANIONEN";"PO4";"IC_AN-190329-1";0,0224;2019-03-29;2019-04-04 13:07:08;1;NA
"302";"IC_KATION_LAAG_RF";212175;"RF_KAT_02-2384";"IC_ANIONEN";"SO4";"IC_AN-190329-1";0,0213;2019-03-29;2019-04-04 13:07:08;1;NA
"303";"IC_KATION_LAAG_RF";212180;"RF_KAT_02-2385";"IC_ANIONEN";"PO4";"IC_AN-190329-1";0,0192;2019-03-29;2019-04-04 13:09:56;2;NA
"304";"IC_KATION_LAAG_RF";212180;"RF_KAT_02-2385";"IC_ANIONEN";"SO4";"IC_AN-190329-1";0,0226;2019-03-29;2019-04-04 13:09:56;2;NA
"305";"IC_KATION_LAAG_RF";212486;"RF_KAT_02-2395";"IC_ANIONEN";"PO4";"IC_AN-190402-1";0,021;2019-04-02;2019-04-04 12:58:33;3;NA
"306";"IC_KATION_LAAG_RF";212486;"RF_KAT_02-2395";"IC_ANIONEN";"SO4";"IC_AN-190402-1";0,0231;2019-04-02;2019-04-04 12:58:33;3;NA
"307";"IC_KATION_LAAG_RF";212493;"RF_KAT_02-2396";"IC_ANIONEN";"PO4";"IC_AN-190402-1";0,019;2019-04-02;2019-04-04 13:00:48;4;NA
"308";"IC_KATION_LAAG_RF";212493;"RF_KAT_02-2396";"IC_ANIONEN";"SO4";"IC_AN-190402-1";0,0218;2019-04-02;2019-04-04 13:00:48;4;NA
"309";"IC_KATION_LAAG_RF";212498;"RF_KAT_02-2397";"IC_ANIONEN";"PO4";"IC_AN-190402-1";0,0172;2019-04-02;2019-04-04 13:03:23;5;NA
"310";"IC_KATION_LAAG_RF";212498;"RF_KAT_02-2397";"IC_ANIONEN";"SO4";"IC_AN-190402-1";0,0204;2019-04-02;2019-04-04 13:03:23;5;NA
"311";"IC_KATION_LAAG_RF";212651;"RF_KAT_02-2407";"IC_ANIONEN";"PO4";"IC_AN-190404-1";0,0212;2019-04-04;2019-04-08 12:20:06;6;NA
"312";"IC_KATION_LAAG_RF";212651;"RF_KAT_02-2407";"IC_ANIONEN";"SO4";"IC_AN-190404-1";0,0209;2019-04-04;2019-04-08 12:20:06;6;NA
"313";"IC_KATION_LAAG_RF";212658;"RF_KAT_02-2408";"IC_ANIONEN";"PO4";"IC_AN-190404-1";0,02;2019-04-04;2019-04-08 12:22:13;7;NA
"314";"IC_KATION_LAAG_RF";212658;"RF_KAT_02-2408";"IC_ANIONEN";"SO4";"IC_AN-190404-1";0,0224;2019-04-04;2019-04-08 12:22:13;7;NA
"315";"IC_KATION_LAAG_RF";212663;"RF_KAT_02-2409";"IC_ANIONEN";"PO4";"IC_AN-190404-1";0,02;2019-04-04;2019-04-08 12:23:23;8;NA
"316";"IC_KATION_LAAG_RF";212663;"RF_KAT_02-2409";"IC_ANIONEN";"SO4";"IC_AN-190404-1";0,0209;2019-04-04;2019-04-08 12:23:23;8;NA
"317";"IC_KATION_LAAG_RF";213136;"RF_KAT_02-2419";"IC_ANIONEN";"PO4";"IC_AN-190409-1";0,0237;2019-04-09;2019-04-10 07:20:15;9;NA
"318";"IC_KATION_LAAG_RF";213136;"RF_KAT_02-2419";"IC_ANIONEN";"SO4";"IC_AN-190409-1";0,0223;2019-04-09;2019-04-10 07:20:15;9;NA
"319";"IC_KATION_LAAG_RF";213143;"RF_KAT_02-2420";"IC_ANIONEN";"PO4";"IC_AN-190409-1";0,0174;2019-04-09;2019-04-10 07:22:35;10;NA
"320";"IC_KATION_LAAG_RF";213143;"RF_KAT_02-2420";"IC_ANIONEN";"SO4";"IC_AN-190409-1";0,0217;2019-04-09;2019-04-10 07:22:35;10;NA
"321";"IC_KATION_LAAG_RF";213444;"RF_KAT_02-2431";"IC_ANIONEN";"PO4";"IC_AN-190412-1";0,0211;2019-04-12;2019-04-16 10:51:43;11;NA
"322";"IC_KATION_LAAG_RF";213444;"RF_KAT_02-2431";"IC_ANIONEN";"SO4";"IC_AN-190412-1";0,0234;2019-04-12;2019-04-16 10:51:43;11;NA
"323";"IC_KATION_LAAG_RF";213451;"RF_KAT_02-2432";"IC_ANIONEN";"PO4";"IC_AN-190412-1";0,0155;2019-04-12;2019-04-16 11:42:23;12;NA
"324";"IC_KATION_LAAG_RF";213451;"RF_KAT_02-2432";"IC_ANIONEN";"SO4";"IC_AN-190412-1";0,0213;2019-04-12;2019-04-16 11:42:23;12;NA
"325";"IC_KATION_LAAG_RF";213456;"RF_KAT_02-2433";"IC_ANIONEN";"PO4";"IC_AN-190412-1";0,0156;2019-04-12;2019-04-16 11:43:46;13;NA
"326";"IC_KATION_LAAG_RF";213456;"RF_KAT_02-2433";"IC_ANIONEN";"SO4";"IC_AN-190412-1";0,0202;2019-04-12;2019-04-16 11:43:45;13;NA
"327";"IC_KATION_LAAG_RF";213812;"RF_KAT_02-2445";"IC_ANIONEN";"PO4";"IC_AN-190417-1";0,0126;2019-04-17;2019-04-29 07:31:24;14;NA
"328";"IC_KATION_LAAG_RF";213812;"RF_KAT_02-2445";"IC_ANIONEN";"SO4";"IC_AN-190417-1";0,0132;2019-04-17;2019-04-29 07:31:24;14;NA
"329";"IC_KATION_LAAG_RF";213800;"RF_KAT_02-2443";"IC_ANIONEN";"PO4";"IC_AN-190417-1";0,0163;2019-04-17;2019-04-29 07:31:39;15;NA
"330";"IC_KATION_LAAG_RF";213800;"RF_KAT_02-2443";"IC_ANIONEN";"SO4";"IC_AN-190417-1";0,0195;2019-04-17;2019-04-29 07:31:39;15;NA
"331";"IC_KATION_LAAG_RF";213807;"RF_KAT_02-2444";"IC_ANIONEN";"PO4";"IC_AN-190417-1";0,0144;2019-04-17;2019-04-29 07:34:21;16;NA
"332";"IC_KATION_LAAG_RF";213807;"RF_KAT_02-2444";"IC_ANIONEN";"SO4";"IC_AN-190417-1";0,0192;2019-04-17;2019-04-29 07:34:21;16;NA
"333";"IC_KATION_LAAG_RF";214190;"RF_KAT_02-2455";"IC_ANIONEN";"PO4";"IC_AN-190424-1";0,011;2019-04-24;2019-05-09 14:20:17;17;NA
"334";"IC_KATION_LAAG_RF";214190;"RF_KAT_02-2455";"IC_ANIONEN";"SO4";"IC_AN-190424-1";0,0138;2019-04-24;2019-05-03 09:20:21;17;NA
"335";"IC_KATION_LAAG_RF";214197;"RF_KAT_02-2456";"IC_ANIONEN";"PO4";"IC_AN-190424-1";0,0089;2019-04-24;2019-05-09 14:20:44;18;NA
"336";"IC_KATION_LAAG_RF";214197;"RF_KAT_02-2456";"IC_ANIONEN";"SO4";"IC_AN-190424-1";0,0142;2019-04-24;2019-05-03 09:22:35;18;NA
"337";"IC_KATION_LAAG_RF";214202;"RF_KAT_02-2457";"IC_ANIONEN";"PO4";"IC_AN-190424-1";0,0027;2019-04-24;2019-05-09 14:21:29;19;NA
"338";"IC_KATION_LAAG_RF";214202;"RF_KAT_02-2457";"IC_ANIONEN";"SO4";"IC_AN-190424-1";0,014;2019-04-24;2019-05-03 09:26:24;19;NA
"339";"IC_KATION_LAAG_RF";214207;"RF_KAT_02-2458";"IC_ANIONEN";"PO4";"IC_AN-190424-1";-0,0013;2019-04-24;2019-05-09 14:23:23;20;NA
"340";"IC_KATION_LAAG_RF";214207;"RF_KAT_02-2458";"IC_ANIONEN";"SO4";"IC_AN-190424-1";0,0132;2019-04-24;2019-05-09 14:23:23;20;NA
"341";"IC_KATION_LAAG_RF";214212;"RF_KAT_02-2459";"IC_ANIONEN";"PO4";"IC_AN-190424-1";-0,0022;2019-04-24;2019-05-09 14:25:33;21;NA
"342";"IC_KATION_LAAG_RF";214212;"RF_KAT_02-2459";"IC_ANIONEN";"SO4";"IC_AN-190424-1";0,0129;2019-04-24;2019-05-09 14:25:33;21;NA
"343";"IC_KATION_LAAG_RF";214989;"RF_KAT_02-2467";"IC_ANIONEN";"PO4";"IC_AN-190430-1";0,0055;2019-04-30;2019-05-09 10:20:12;22;NA
"344";"IC_KATION_LAAG_RF";214989;"RF_KAT_02-2467";"IC_ANIONEN";"SO4";"IC_AN-190430-1";0,0231;2019-04-30;2019-05-09 10:20:12;22;NA
"345";"IC_KATION_LAAG_RF";214996;"RF_KAT_02-2468";"IC_ANIONEN";"PO4";"IC_AN-190430-1";-0,0021;2019-04-30;2019-05-09 10:22:22;23;NA
"346";"IC_KATION_LAAG_RF";214996;"RF_KAT_02-2468";"IC_ANIONEN";"SO4";"IC_AN-190430-1";0,0226;2019-04-30;2019-05-09 10:22:22;23;NA
"347";"IC_KATION_LAAG_RF";215001;"RF_KAT_02-2469";"IC_ANIONEN";"PO4";"IC_AN-190430-1";-0,0038;2019-04-30;2019-05-09 10:24:24;24;NA
"348";"IC_KATION_LAAG_RF";215001;"RF_KAT_02-2469";"IC_ANIONEN";"SO4";"IC_AN-190430-1";0,0228;2019-04-30;2019-05-09 10:24:24;24;NA
"349";"IC_KATION_LAAG_RF";215523;"RF_KAT_02-2479";"IC_ANIONEN";"PO4";"IC_AN-190507-1";-0,0016;2019-05-07;2019-05-09 09:20:11;25;NA
"350";"IC_KATION_LAAG_RF";215523;"RF_KAT_02-2479";"IC_ANIONEN";"SO4";"IC_AN-190507-1";0,0259;2019-05-07;2019-05-09 09:20:11;25;NA
"351";"IC_KATION_LAAG_RF";215530;"RF_KAT_02-2480";"IC_ANIONEN";"PO4";"IC_AN-190507-1";-0,0013;2019-05-07;2019-05-09 09:24:24;26;NA
"352";"IC_KATION_LAAG_RF";215530;"RF_KAT_02-2480";"IC_ANIONEN";"SO4";"IC_AN-190507-1";0,0236;2019-05-07;2019-05-09 09:24:24;26;NA
"353";"IC_KATION_LAAG_RF";215535;"RF_KAT_02-2481";"IC_ANIONEN";"PO4";"IC_AN-190507-1";-0,0024;2019-05-07;2019-05-09 09:25:41;27;NA
"354";"IC_KATION_LAAG_RF";215535;"RF_KAT_02-2481";"IC_ANIONEN";"SO4";"IC_AN-190507-1";0,0244;2019-05-07;2019-05-09 09:25:41;27;NA
"355";"IC_KATION_LAAG_RF";215977;"RF_KAT_02-2491";"IC_ANIONEN";"PO4";"IC_AN-190510-1";0,001;2019-05-10;2019-05-13 11:40:02;28;NA
"356";"IC_KATION_LAAG_RF";215977;"RF_KAT_02-2491";"IC_ANIONEN";"SO4";"IC_AN-190510-1";0,0264;2019-05-10;2019-05-13 11:40:02;28;NA
"357";"IC_KATION_LAAG_RF";215984;"RF_KAT_02-2492";"IC_ANIONEN";"PO4";"IC_AN-190510-1";-0,003;2019-05-10;2019-05-13 11:41:13;29;NA
"358";"IC_KATION_LAAG_RF";215984;"RF_KAT_02-2492";"IC_ANIONEN";"SO4";"IC_AN-190510-1";0,0258;2019-05-10;2019-05-13 11:41:13;29;NA
"359";"IC_KATION_LAAG_RF";215989;"RF_KAT_02-2493";"IC_ANIONEN";"PO4";"IC_AN-190510-1";-0,0039;2019-05-10;2019-05-13 11:42:36;30;NA
"360";"IC_KATION_LAAG_RF";215989;"RF_KAT_02-2493";"IC_ANIONEN";"SO4";"IC_AN-190510-1";0,0248;2019-05-10;2019-05-13 11:42:36;30;NA
"361";"IC_PBL";212172;"PBL-21898";"IC_ANIONEN";"PO4";"IC_AN-190329-1";0,0131;2019-03-29;2019-04-04 13:06:57;1;0
"362";"IC_PBL";212172;"PBL-21898";"IC_ANIONEN";"SO4";"IC_AN-190329-1";0,02;2019-03-29;2019-04-04 13:06:57;1;0
"363";"IC_PBL";212177;"PBL-21899";"IC_ANIONEN";"PO4";"IC_AN-190329-1";0,0147;2019-03-29;2019-04-04 13:09:43;2;0
"364";"IC_PBL";212177;"PBL-21899";"IC_ANIONEN";"SO4";"IC_AN-190329-1";0,0188;2019-03-29;2019-04-04 13:09:43;2;0
"365";"IC_PBL";212483;"PBL-21928";"IC_ANIONEN";"PO4";"IC_AN-190402-1";0,0162;2019-04-02;2019-04-04 12:58:31;3;0
"366";"IC_PBL";212483;"PBL-21928";"IC_ANIONEN";"SO4";"IC_AN-190402-1";0,0219;2019-04-02;2019-04-04 12:58:31;3;0
"367";"IC_PBL";212490;"PBL-21929";"IC_ANIONEN";"PO4";"IC_AN-190402-1";0;2019-04-02;2019-04-04 13:00:43;4;0
"368";"IC_PBL";212490;"PBL-21929";"IC_ANIONEN";"SO4";"IC_AN-190402-1";0,019;2019-04-02;2019-04-04 13:00:43;4;0
"369";"IC_PBL";212495;"PBL-21930";"IC_ANIONEN";"PO4";"IC_AN-190402-1";0;2019-04-02;2019-04-04 13:03:16;5;0
"370";"IC_PBL";212495;"PBL-21930";"IC_ANIONEN";"SO4";"IC_AN-190402-1";0,0177;2019-04-02;2019-04-04 13:03:15;5;0
"371";"IC_PBL";212648;"PBL-21956";"IC_ANIONEN";"PO4";"IC_AN-190404-1";0,0122;2019-04-04;2019-04-08 12:20:03;6;0
"372";"IC_PBL";212648;"PBL-21956";"IC_ANIONEN";"SO4";"IC_AN-190404-1";0,0218;2019-04-04;2019-04-08 12:20:03;6;0
"373";"IC_PBL";212655;"PBL-21957";"IC_ANIONEN";"PO4";"IC_AN-190404-1";0;2019-04-04;2019-04-08 12:22:08;7;0
"374";"IC_PBL";212655;"PBL-21957";"IC_ANIONEN";"SO4";"IC_AN-190404-1";0,0188;2019-04-04;2019-04-08 12:22:07;7;0
"375";"IC_PBL";212660;"PBL-21958";"IC_ANIONEN";"PO4";"IC_AN-190404-1";0;2019-04-04;2019-04-08 12:23:16;8;0
"376";"IC_PBL";212660;"PBL-21958";"IC_ANIONEN";"SO4";"IC_AN-190404-1";0,0175;2019-04-04;2019-04-08 12:23:16;8;0
"377";"IC_PBL";213133;"PBL-21994";"IC_ANIONEN";"PO4";"IC_AN-190409-1";0,1112;2019-04-09;2019-04-10 07:20:12;9;0
"378";"IC_PBL";213133;"PBL-21994";"IC_ANIONEN";"SO4";"IC_AN-190409-1";0,1678;2019-04-09;2019-04-10 07:20:12;9;0
"379";"IC_PBL";213140;"PBL-21995";"IC_ANIONEN";"PO4";"IC_AN-190409-1";0;2019-04-09;2019-04-10 07:22:31;10;0
"380";"IC_PBL";213140;"PBL-21995";"IC_ANIONEN";"SO4";"IC_AN-190409-1";0,0202;2019-04-09;2019-04-10 07:22:30;10;0
"381";"IC_PBL";213441;"PBL-22038";"IC_ANIONEN";"PO4";"IC_AN-190412-1";0;2019-04-12;2019-04-16 10:51:40;11;0
"382";"IC_PBL";213441;"PBL-22038";"IC_ANIONEN";"SO4";"IC_AN-190412-1";0,0197;2019-04-12;2019-04-16 10:51:40;11;0
"383";"IC_PBL";213448;"PBL-22039";"IC_ANIONEN";"PO4";"IC_AN-190412-1";0,0126;2019-04-12;2019-04-16 11:42:19;12;0
"384";"IC_PBL";213448;"PBL-22039";"IC_ANIONEN";"SO4";"IC_AN-190412-1";0,0199;2019-04-12;2019-04-16 11:42:18;12;0
"385";"IC_PBL";213453;"PBL-22040";"IC_ANIONEN";"PO4";"IC_AN-190412-1";0;2019-04-12;2019-04-16 11:43:39;13;0
"386";"IC_PBL";213453;"PBL-22040";"IC_ANIONEN";"SO4";"IC_AN-190412-1";0,0205;2019-04-12;2019-04-16 11:43:39;13;0
"387";"IC_PBL";213809;"PBL-22098";"IC_ANIONEN";"PO4";"IC_AN-190417-1";0;2019-04-17;2019-04-29 07:31:19;14;0
"388";"IC_PBL";213809;"PBL-22098";"IC_ANIONEN";"SO4";"IC_AN-190417-1";0,0515;2019-04-17;2019-04-29 07:31:19;14;0
"389";"IC_PBL";213797;"PBL-22096";"IC_ANIONEN";"PO4";"IC_AN-190417-1";0,0142;2019-04-17;2019-04-29 07:31:33;15;0
"390";"IC_PBL";213797;"PBL-22096";"IC_ANIONEN";"SO4";"IC_AN-190417-1";0,0187;2019-04-17;2019-04-29 07:31:33;15;0
"391";"IC_PBL";213804;"PBL-22097";"IC_ANIONEN";"PO4";"IC_AN-190417-1";0;2019-04-17;2019-04-29 07:34:12;16;0
"392";"IC_PBL";213804;"PBL-22097";"IC_ANIONEN";"SO4";"IC_AN-190417-1";0,0225;2019-04-17;2019-04-29 07:34:12;16;0
"393";"IC_PBL";214194;"PBL-22166";"IC_ANIONEN";"PO4";"IC_AN-190424-1";0;2019-04-24;2019-05-03 09:22:31;17;0
"394";"IC_PBL";214187;"PBL-22165";"IC_ANIONEN";"SO4";"IC_AN-190424-1";0,0155;2019-04-24;2019-05-03 09:20:18;17;0
"395";"IC_PBL";214199;"PBL-22167";"IC_ANIONEN";"PO4";"IC_AN-190424-1";0;2019-04-24;2019-05-03 09:26:16;18;0
"396";"IC_PBL";214194;"PBL-22166";"IC_ANIONEN";"SO4";"IC_AN-190424-1";0,0112;2019-04-24;2019-05-03 09:22:30;18;0
"397";"IC_PBL";214187;"PBL-22165";"IC_ANIONEN";"PO4";"IC_AN-190424-1";0,0015;2019-04-24;2019-05-09 14:20:16;19;0
"398";"IC_PBL";214199;"PBL-22167";"IC_ANIONEN";"SO4";"IC_AN-190424-1";0,0136;2019-04-24;2019-05-03 09:26:16;19;0
"399";"IC_PBL";214204;"PBL-22168";"IC_ANIONEN";"PO4";"IC_AN-190424-1";0;2019-04-24;2019-05-09 14:23:12;20;0
"400";"IC_PBL";214204;"PBL-22168";"IC_ANIONEN";"SO4";"IC_AN-190424-1";0,016;2019-04-24;2019-05-09 14:23:12;20;0
"401";"IC_PBL";214209;"PBL-22169";"IC_ANIONEN";"PO4";"IC_AN-190424-1";0;2019-04-24;2019-05-09 14:25:20;21;0
"402";"IC_PBL";214209;"PBL-22169";"IC_ANIONEN";"SO4";"IC_AN-190424-1";0,0144;2019-04-24;2019-05-09 14:25:20;21;0
"403";"IC_PBL";214986;"PBL-22251";"IC_ANIONEN";"PO4";"IC_AN-190430-1";-0,0039;2019-04-30;2019-05-09 10:20:09;22;0
"404";"IC_PBL";214986;"PBL-22251";"IC_ANIONEN";"SO4";"IC_AN-190430-1";0;2019-04-30;2019-05-09 10:20:09;22;0
"405";"IC_PBL";214993;"PBL-22252";"IC_ANIONEN";"PO4";"IC_AN-190430-1";-0,0095;2019-04-30;2019-05-09 10:22:16;23;0
"406";"IC_PBL";214993;"PBL-22252";"IC_ANIONEN";"SO4";"IC_AN-190430-1";0,0227;2019-04-30;2019-05-09 10:22:16;23;0
"407";"IC_PBL";214998;"PBL-22253";"IC_ANIONEN";"PO4";"IC_AN-190430-1";0;2019-04-30;2019-05-09 10:24:17;24;0
"408";"IC_PBL";214998;"PBL-22253";"IC_ANIONEN";"SO4";"IC_AN-190430-1";0,0227;2019-04-30;2019-05-09 10:24:17;24;0
"409";"IC_PBL";215520;"PBL-22291";"IC_ANIONEN";"PO4";"IC_AN-190507-1";-0,0059;2019-05-07;2019-05-09 09:20:08;25;0
"410";"IC_PBL";215520;"PBL-22291";"IC_ANIONEN";"SO4";"IC_AN-190507-1";0,024;2019-05-07;2019-05-09 09:20:08;25;0
"411";"IC_PBL";215527;"PBL-22292";"IC_ANIONEN";"PO4";"IC_AN-190507-1";0;2019-05-07;2019-05-09 09:24:17;26;0
"412";"IC_PBL";215527;"PBL-22292";"IC_ANIONEN";"SO4";"IC_AN-190507-1";0,0246;2019-05-07;2019-05-09 09:24:17;26;0
"413";"IC_PBL";215532;"PBL-22293";"IC_ANIONEN";"PO4";"IC_AN-190507-1";-0,0092;2019-05-07;2019-05-09 09:25:33;27;0
"414";"IC_PBL";215532;"PBL-22293";"IC_ANIONEN";"SO4";"IC_AN-190507-1";0,0234;2019-05-07;2019-05-09 09:25:33;27;0
"415";"IC_PBL";215974;"PBL-22361";"IC_ANIONEN";"PO4";"IC_AN-190510-1";-0,0029;2019-05-10;2019-05-13 11:40:00;28;0
"416";"IC_PBL";215974;"PBL-22361";"IC_ANIONEN";"SO4";"IC_AN-190510-1";0,0247;2019-05-10;2019-05-13 11:40:00;28;0
"417";"IC_PBL";215981;"PBL-22362";"IC_ANIONEN";"PO4";"IC_AN-190510-1";-0,0091;2019-05-10;2019-05-13 11:41:08;29;0
"418";"IC_PBL";215981;"PBL-22362";"IC_ANIONEN";"SO4";"IC_AN-190510-1";0,027;2019-05-10;2019-05-13 11:41:08;29;0
"419";"IC_PBL";215986;"PBL-22363";"IC_ANIONEN";"PO4";"IC_AN-190510-1";-0,0068;2019-05-10;2019-05-13 11:42:30;30;0
"420";"IC_PBL";215986;"PBL-22363";"IC_ANIONEN";"SO4";"IC_AN-190510-1";0,0251;2019-05-10;2019-05-13 11:42:30;30;0
